[{"title":"Flow","steps":[{"title":"Checkout Page","type":"checkout","meta":{"astra-site-open-in-new-tab":["0"],"wcf-flow-id":["878"],"wcf-step-type":["checkout"],"_edit_lock":["1639053017:34"],"_elementor_edit_mode":["builder"],"_elementor_template_type":["wp-post"],"_elementor_version":["3.4.8"],"_wp_page_template":["default"],"_astra_content_layout_flag":["disabled"],"ast-title-bar-display":["disabled"],"site-content-layout":["page-builder"],"site-sidebar-layout":["no-sidebar"],"_elementor_data":["[{\"id\":\"624a1b1\",\"elType\":\"section\",\"settings\":{\"margin\":{\"unit\":\"px\",\"top\":\"\",\"right\":0,\"bottom\":\"\",\"left\":0,\"isLinked\":true},\"padding\":{\"unit\":\"px\",\"top\":\"100\",\"right\":\"0\",\"bottom\":\"100\",\"left\":\"0\",\"isLinked\":false},\"margin_tablet\":{\"unit\":\"px\",\"top\":\"0\",\"right\":0,\"bottom\":\"0\",\"left\":0,\"isLinked\":false},\"margin_mobile\":{\"unit\":\"px\",\"top\":\"0\",\"right\":0,\"bottom\":\"0\",\"left\":0,\"isLinked\":false},\"padding_tablet\":{\"unit\":\"px\",\"top\":\"0\",\"right\":\"30\",\"bottom\":\"130\",\"left\":\"30\",\"isLinked\":false},\"padding_mobile\":{\"unit\":\"px\",\"top\":\"30\",\"right\":\"15\",\"bottom\":\"60\",\"left\":\"15\",\"isLinked\":false},\"background_background\":\"classic\",\"gap\":\"no\",\"background_image\":{\"url\":\"https:\\\/\\\/websitedemos.net\\\/brandstore-02\\\/wp-content\\\/uploads\\\/sites\\\/150\\\/2019\\\/12\\\/banner-06.jpg\",\"id\":1209,\"alt\":\"\",\"source\":\"library\"},\"background_position\":\"center center\",\"background_attachment\":\"fixed\",\"background_repeat\":\"no-repeat\",\"background_size\":\"cover\",\"background_overlay_background\":\"classic\",\"reverse_order_tablet\":\"reverse-tablet\",\"reverse_order_mobile\":\"reverse-mobile\",\"__globals__\":{\"background_overlay_color\":\"globals\\\/colors?id=astglobalcolor2\"},\"content_width\":{\"unit\":\"px\",\"size\":900,\"sizes\":[]}},\"elements\":[{\"id\":\"450a82a\",\"elType\":\"column\",\"settings\":{\"_column_size\":100,\"_inline_size\":null,\"background_background\":\"classic\",\"padding\":{\"unit\":\"px\",\"top\":\"30\",\"right\":\"40\",\"bottom\":\"50\",\"left\":\"40\",\"isLinked\":false},\"border_radius\":{\"unit\":\"px\",\"top\":\"10\",\"right\":\"10\",\"bottom\":\"10\",\"left\":\"10\",\"isLinked\":true},\"_inline_size_tablet\":100,\"margin_tablet\":{\"unit\":\"px\",\"top\":\"0\",\"right\":\"0\",\"bottom\":\"0\",\"left\":\"0\",\"isLinked\":false},\"margin_mobile\":{\"unit\":\"px\",\"top\":\"40\",\"right\":\"0\",\"bottom\":\"0\",\"left\":\"0\",\"isLinked\":false},\"padding_tablet\":{\"unit\":\"px\",\"top\":\"20\",\"right\":\"20\",\"bottom\":\"20\",\"left\":\"20\",\"isLinked\":true},\"padding_mobile\":{\"unit\":\"px\",\"top\":\"15\",\"right\":\"15\",\"bottom\":\"15\",\"left\":\"15\",\"isLinked\":true},\"margin\":{\"unit\":\"px\",\"top\":\"15\",\"right\":\"15\",\"bottom\":\"15\",\"left\":\"15\",\"isLinked\":true},\"__globals__\":{\"background_color\":\"globals\\\/colors?id=astglobalcolor5\"}},\"elements\":[{\"id\":\"dcf4504\",\"elType\":\"widget\",\"settings\":{\"btn_background_color_background\":\"classic\",\"button_background_hover_color_background\":\"classic\",\"__globals__\":{\"global_primary_color\":\"globals\\\/colors?id=astglobalcolor0\",\"global_text_color\":\"globals\\\/colors?id=astglobalcolor3\",\"heading_text_color\":\"globals\\\/colors?id=astglobalcolor2\",\"btn_background_color_color\":\"globals\\\/colors?id=astglobalcolor0\",\"button_background_hover_color_color\":\"globals\\\/colors?id=astglobalcolor1\"}},\"elements\":[],\"widgetType\":\"checkout-form\"}],\"isInner\":false}],\"isInner\":false}]"],"_edit_last":["34"],"_yoast_wpseo_content_score":["30"],"wcf-checkout-layout":["modern-checkout"],"wcf-input-font-family":["'Lato', sans-serif"],"wcf-input-font-weight":["400"],"wcf-heading-font-family":["'Lato', sans-serif"],"wcf-heading-font-weight":["700"],"wcf-base-font-family":["'Lato', sans-serif"],"wcf-advance-options-fields":["yes"],"wcf-base-font-weight":[null],"wcf-button-font-family":["'Lato', sans-serif"],"wcf-button-font-weight":["700"],"wcf-primary-color":[""],"wcf-heading-color":["#64a0d1"],"wcf-section-bg-color":[null],"wcf-hl-bg-color":[""],"wcf-field-tb-padding":[""],"wcf-field-lr-padding":[""],"wcf-fields-skins":["default"],"wcf-input-field-size":["33px"],"wcf-field-color":[""],"wcf-field-bg-color":[""],"wcf-field-border-color":[""],"wcf-box-border-color":[null],"wcf-field-label-color":[""],"wcf-submit-tb-padding":[""],"wcf-submit-lr-padding":[""],"wcf-input-button-size":["33px"],"wcf-submit-color":[""],"wcf-submit-hover-color":[""],"wcf-submit-bg-color":["#64a0d1"],"wcf-submit-bg-hover-color":["#498cbc"],"wcf-submit-border-color":["#64a0d1"],"wcf-submit-border-hover-color":["#498cbc"],"wcf-active-tab":["wcf-checkout-style"],"wcf-header-logo-image":[""],"wcf-header-logo-width":[""],"wcf-custom-script":[""],"theme-transparent-header-meta":["default"],"wcf-dynamic-css-version":["1703743416"],"_elementor_page_assets":["a:0:{}"],"_yoast_wpseo_estimated-reading-time-minutes":["3"],"ast-main-header-display":["disabled"],"ast-hfb-above-header-display":["disabled"],"ast-hfb-below-header-display":["disabled"],"ast-hfb-mobile-header-display":["disabled"],"site-post-title":["disabled"],"ast-breadcrumbs-content":["disabled"],"ast-featured-img":["disabled"],"footer-sml-layout":["disabled"],"adv-header-id-meta":[""],"stick-header-meta":[""],"header-above-stick-meta":[""],"header-main-stick-meta":[""],"header-below-stick-meta":[""],"wcf-enable-design-settings":["yes"],"wcf-dynamic-css":[".wcf-embed-checkout-form { --wcf-heading-color: #64a0d1;--wcf-btn-bg-color: #64a0d1;--wcf-btn-bg-hover-color: #498cbc;}\n\t.wcf-embed-checkout-form .wcf-checkout-header-image img{\n\t\twidth: px;\n\t}\n\t.wcf-embed-checkout-form .woocommerce #payment input[type=checkbox]:focus,\n\t.wcf-embed-checkout-form .woocommerce .woocommerce-shipping-fields [type='checkbox']:focus,\n\t.wcf-embed-checkout-form .woocommerce #payment input[type=radio]:checked:focus,\n\t.wcf-embed-checkout-form .woocommerce #payment input[type=radio]:not(:checked):focus{\n\t\tbox-shadow: 0 0 2px rgba( ,,, .8);\n\t}\n\t\n\t.wcf-embed-checkout-form .woocommerce-checkout #payment div.payment_box{\n\t\tbackground-color: ;\n\t\tfont-family: 'Lato', sans-serif;\n\t    font-weight: 400;\n\t}\n\n\t.wcf-embed-checkout-form #add_payment_method #payment div.payment_box::before,\n\t.wcf-embed-checkout-form .woocommerce-cart #payment div.payment_box::before,\n\t.wcf-embed-checkout-form .woocommerce-checkout #payment div.payment_box::before\n\t{\n\t    border-bottom-color: ;\n\t    border-right-color: transparent;\n\t    border-left-color: transparent;\n\t    border-top-color: transparent;\n\t    position: absolute;\n\t}\n\n\t.wcf-embed-checkout-form .woocommerce #payment [type='radio']:checked + label,\n\t.wcf-embed-checkout-form .woocommerce #payment [type='radio']:not(:checked) + label{\n\t\tfont-family: 'Lato', sans-serif;\n\t    font-weight: 400;\n\t}\n\n\t.wcf-embed-checkout-form #order_review .wcf-custom-coupon-field input[type='text'],\n\t.wcf-embed-checkout-form .woocommerce form .form-row input.input-text,\n\t.wcf-embed-checkout-form .woocommerce form .form-row textarea,\n\t.wcf-embed-checkout-form .select2-container--default .select2-selection--single,\n\t.wcf-embed-checkout-form .woocommerce form .form-row select.select {\n\t\tborder-color: ;\n\t\tpadding-top: px;\n\t\tpadding-bottom: px;\n\t\tpadding-left: px;\n\t\tpadding-right: px;\n\t\tmin-height: 33px;\n\t\tfont-family: 'Lato', sans-serif;\n\t    font-weight: 400;\n\t}\n\n\t.wcf-embed-checkout-form .woocommerce .col2-set .col-1,\n\t.wcf-embed-checkout-form .woocommerce .col2-set .col-2,\n\t.wcf-embed-checkout-form .woocommerce-checkout .shop_table,\n\t.wcf-embed-checkout-form .woocommerce-checkout #order_review_heading,\n\t.wcf-embed-checkout-form .woocommerce-checkout #payment,\n\t.wcf-embed-checkout-form .woocommerce form.checkout_coupon\n\t{\n\t\tbackground-color: ;\n\t\tborder-color: ;\n\t\tfont-family: 'Lato', sans-serif;\n\t    font-weight: 400;\n\t}\n\n\t\n\t.wcf-embed-checkout-form .woocommerce form p.form-row label {\n\t\tfont-family: 'Lato', sans-serif;\n\t    font-weight: 400;\n\t}\n\t.wcf-embed-checkout-form .woocommerce #payment button,\n\t.wcf-embed-checkout-form .woocommerce form.woocommerce-form-login .form-row button,\n\t.wcf-embed-checkout-form .woocommerce #order_review button.wcf-btn-small {\n\t\tpadding-top: px;\n\t\tpadding-bottom: px;\n\t\tpadding-left: px;\n\t\tpadding-right: px;\n\t\tborder-color: #64a0d1;\n\t\tmin-height: 33px;\n\t\tfont-family: 'Lato', sans-serif;\n\t    font-weight: 700;\n\t}\n\t.wcf-embed-checkout-form .woocommerce-checkout form.woocommerce-form-login .button,\n\t.wcf-embed-checkout-form .woocommerce-checkout form.checkout_coupon .button{\n\t\tborder: 1px #64a0d1 solid;\n\t\tmin-height: 33px;\n\t\tfont-family: 'Lato', sans-serif;\n\t    font-weight: 700;\n\t}\n\t.wcf-embed-checkout-form .woocommerce-checkout form.login .button:hover,\n\t.wcf-embed-checkout-form .woocommerce-checkout form.checkout_coupon .button:hover,\n\t.wcf-embed-checkout-form .woocommerce #payment #place_order:hover,\n\t.wcf-embed-checkout-form .woocommerce #order_review button.wcf-btn-small:hover{\n\t\tborder-color: #498cbc;\n\t}\n\t.wcf-embed-checkout-form.wcf-embed-checkout-form-modern-checkout .wcf-customer-info-main-wrapper h3,\n\t.wcf-embed-checkout-form .woocommerce h3,\n\t.wcf-embed-checkout-form .woocommerce h3 span,\n\t.wcf-embed-checkout-form .woocommerce-checkout #order_review_heading{\n\t\tfont-family: 'Lato', sans-serif;\n\t    font-weight: 700;\n\t}\n\t.wcf-embed-checkout-form{\n\t    font-family: 'Lato', sans-serif;\n\t}\n\t\t.wcf-embed-checkout-form.wcf-embed-checkout-form-modern-checkout .woocommerce-checkout table.shop_table {\n\t\t\tbackground-color:  !important;\n\t\t}\n\t\t.wcf-embed-checkout-form.wcf-embed-checkout-form-modern-checkout .woocommerce-checkout #payment div.payment_box{\n\t\t\tbackground-color:  !important;\n\t\t}\n\t\timg.emoji, img.wp-smiley {}\n\t\t\t.wcf-embed-checkout-form .woocommerce #payment #place_order:before{\n\t\t\t\tcontent: \"\\e902\";\n\t\t\t\tfont-family: \"cartflows-icon\" !important;\n\t\t\t\tmargin-right: 10px;\n\t\t\t\tfont-size: 16px;\n\t\t\t\tfont-weight: 500;\n\t\t\t\ttop: 0px;\n    \t\t\tposition: relative;\n\t\t\t}"],"wcf-field-google-font-url":["\/\/fonts.googleapis.com\/css?family=Lato:700"],"_elementor_controls_usage":["a:3:{s:13:\"checkout-form\";a:3:{s:5:\"count\";i:1;s:15:\"control_percent\";i:0;s:8:\"controls\";a:1:{s:5:\"style\";a:1:{s:14:\"button_section\";a:2:{s:31:\"btn_background_color_background\";i:1;s:40:\"button_background_hover_color_background\";i:1;}}}}s:6:\"column\";a:3:{s:5:\"count\";i:1;s:15:\"control_percent\";i:3;s:8:\"controls\";a:3:{s:6:\"layout\";a:1:{s:6:\"layout\";a:2:{s:12:\"_inline_size\";i:1;s:19:\"_inline_size_tablet\";i:1;}}s:5:\"style\";a:2:{s:13:\"section_style\";a:1:{s:21:\"background_background\";i:1;}s:14:\"section_border\";a:1:{s:13:\"border_radius\";i:1;}}s:8:\"advanced\";a:1:{s:16:\"section_advanced\";a:6:{s:7:\"padding\";i:1;s:13:\"margin_tablet\";i:1;s:13:\"margin_mobile\";i:1;s:14:\"padding_tablet\";i:1;s:14:\"padding_mobile\";i:1;s:6:\"margin\";i:1;}}}}s:7:\"section\";a:3:{s:5:\"count\";i:1;s:15:\"control_percent\";i:5;s:8:\"controls\";a:3:{s:8:\"advanced\";a:2:{s:16:\"section_advanced\";a:6:{s:6:\"margin\";i:1;s:7:\"padding\";i:1;s:13:\"margin_tablet\";i:1;s:13:\"margin_mobile\";i:1;s:14:\"padding_tablet\";i:1;s:14:\"padding_mobile\";i:1;}s:19:\"_section_responsive\";a:2:{s:20:\"reverse_order_tablet\";i:1;s:20:\"reverse_order_mobile\";i:1;}}s:5:\"style\";a:2:{s:18:\"section_background\";a:6:{s:21:\"background_background\";i:1;s:16:\"background_image\";i:1;s:19:\"background_position\";i:1;s:21:\"background_attachment\";i:1;s:17:\"background_repeat\";i:1;s:15:\"background_size\";i:1;}s:26:\"section_background_overlay\";a:1:{s:29:\"background_overlay_background\";i:1;}}s:6:\"layout\";a:1:{s:14:\"section_layout\";a:2:{s:3:\"gap\";i:1;s:13:\"content_width\";i:1;}}}}}"],"_uag_page_assets":["a:9:{s:3:\"css\";s:263:\".uag-blocks-common-selector{z-index:var(--z-index-desktop) !important}@media (max-width: 976px){.uag-blocks-common-selector{z-index:var(--z-index-tablet) !important}}@media (max-width: 767px){.uag-blocks-common-selector{z-index:var(--z-index-mobile) !important}}\n\";s:2:\"js\";s:0:\"\";s:18:\"current_block_list\";a:4:{i:0;s:26:\"woocommerce\/product-search\";i:1;s:10:\"core\/image\";i:2;s:12:\"core\/gallery\";i:3;s:12:\"core\/heading\";}s:8:\"uag_flag\";b:0;s:11:\"uag_version\";s:10:\"1676100027\";s:6:\"gfonts\";a:0:{}s:10:\"gfonts_url\";s:0:\"\";s:12:\"gfonts_files\";a:0:{}s:14:\"uag_faq_layout\";b:0;}"],"_uag_css_file_name":["uag-css-880-1676206454.css"],"_elementor_css":["a:6:{s:4:\"time\";i:1695434213;s:5:\"fonts\";a:0:{}s:5:\"icons\";a:0:{}s:20:\"dynamic_elements_ids\";a:0:{}s:6:\"status\";s:4:\"file\";i:0;s:0:\"\";}"]},"post_content":"\u003C!-- CHECKOUT SHORTCODE --\u003E\n\u003Cform name=\"checkout\" method=\"post\" action=\"https:\/\/websitedemos.net\/brandstore-02\/checkout\/\" enctype=\"multipart\/form-data\"\u003E\n\t\t\u003Ch3\u003EBilling details\u003C\/h3\u003E\n\t\t\u003Cp id=\"billing_first_name_field\" data-priority=\"10\"\u003E\u003Clabel for=\"billing_first_name\"\u003EFirst name&nbsp;\u003Cabbr title=\"required\"\u003E*\u003C\/abbr\u003E\u003C\/label\u003E\u003Cinput type=\"text\" name=\"billing_first_name\" id=\"billing_first_name\" placeholder=\"\"  value=\"\" autocomplete=\"given-name\" \/\u003E\u003C\/p\u003E\u003Cp id=\"billing_last_name_field\" data-priority=\"20\"\u003E\u003Clabel for=\"billing_last_name\"\u003ELast name&nbsp;\u003Cabbr title=\"required\"\u003E*\u003C\/abbr\u003E\u003C\/label\u003E\u003Cinput type=\"text\" name=\"billing_last_name\" id=\"billing_last_name\" placeholder=\"\"  value=\"\" autocomplete=\"family-name\" \/\u003E\u003C\/p\u003E\u003Cp id=\"billing_company_field\" data-priority=\"30\"\u003E\u003Clabel for=\"billing_company\"\u003ECompany name&nbsp;(optional)\u003C\/label\u003E\u003Cinput type=\"text\" name=\"billing_company\" id=\"billing_company\" placeholder=\"\"  value=\"\" autocomplete=\"organization\" \/\u003E\u003C\/p\u003E\u003Cp id=\"billing_country_field\" data-priority=\"40\"\u003E\u003Clabel for=\"billing_country\"\u003ECountry \/ Region&nbsp;\u003Cabbr title=\"required\"\u003E*\u003C\/abbr\u003E\u003C\/label\u003E\u003Cselect name=\"billing_country\" id=\"billing_country\" autocomplete=\"country\" data-placeholder=\"Select a country \/ region&hellip;\" data-label=\"Country \/ Region\"\u003E\u003Coption value=\"\"\u003ESelect a country \/ region&hellip;\u003C\/option\u003E\u003Coption value=\"AF\" \u003EAfghanistan\u003C\/option\u003E\u003Coption value=\"AX\" \u003E\u00c5land Islands\u003C\/option\u003E\u003Coption value=\"AL\" \u003EAlbania\u003C\/option\u003E\u003Coption value=\"DZ\" \u003EAlgeria\u003C\/option\u003E\u003Coption value=\"AS\" \u003EAmerican Samoa\u003C\/option\u003E\u003Coption value=\"AD\" \u003EAndorra\u003C\/option\u003E\u003Coption value=\"AO\" \u003EAngola\u003C\/option\u003E\u003Coption value=\"AI\" \u003EAnguilla\u003C\/option\u003E\u003Coption value=\"AQ\" \u003EAntarctica\u003C\/option\u003E\u003Coption value=\"AG\" \u003EAntigua and Barbuda\u003C\/option\u003E\u003Coption value=\"AR\" \u003EArgentina\u003C\/option\u003E\u003Coption value=\"AM\" \u003EArmenia\u003C\/option\u003E\u003Coption value=\"AW\" \u003EAruba\u003C\/option\u003E\u003Coption value=\"AU\" \u003EAustralia\u003C\/option\u003E\u003Coption value=\"AT\" \u003EAustria\u003C\/option\u003E\u003Coption value=\"AZ\" \u003EAzerbaijan\u003C\/option\u003E\u003Coption value=\"BS\" \u003EBahamas\u003C\/option\u003E\u003Coption value=\"BH\" \u003EBahrain\u003C\/option\u003E\u003Coption value=\"BD\" \u003EBangladesh\u003C\/option\u003E\u003Coption value=\"BB\" \u003EBarbados\u003C\/option\u003E\u003Coption value=\"BY\" \u003EBelarus\u003C\/option\u003E\u003Coption value=\"PW\" \u003EBelau\u003C\/option\u003E\u003Coption value=\"BE\" \u003EBelgium\u003C\/option\u003E\u003Coption value=\"BZ\" \u003EBelize\u003C\/option\u003E\u003Coption value=\"BJ\" \u003EBenin\u003C\/option\u003E\u003Coption value=\"BM\" \u003EBermuda\u003C\/option\u003E\u003Coption value=\"BT\" \u003EBhutan\u003C\/option\u003E\u003Coption value=\"BO\" \u003EBolivia\u003C\/option\u003E\u003Coption value=\"BQ\" \u003EBonaire, Saint Eustatius and Saba\u003C\/option\u003E\u003Coption value=\"BA\" \u003EBosnia and Herzegovina\u003C\/option\u003E\u003Coption value=\"BW\" \u003EBotswana\u003C\/option\u003E\u003Coption value=\"BV\" \u003EBouvet Island\u003C\/option\u003E\u003Coption value=\"BR\" \u003EBrazil\u003C\/option\u003E\u003Coption value=\"IO\" \u003EBritish Indian Ocean Territory\u003C\/option\u003E\u003Coption value=\"BN\" \u003EBrunei\u003C\/option\u003E\u003Coption value=\"BG\" \u003EBulgaria\u003C\/option\u003E\u003Coption value=\"BF\" \u003EBurkina Faso\u003C\/option\u003E\u003Coption value=\"BI\" \u003EBurundi\u003C\/option\u003E\u003Coption value=\"KH\" \u003ECambodia\u003C\/option\u003E\u003Coption value=\"CM\" \u003ECameroon\u003C\/option\u003E\u003Coption value=\"CA\" \u003ECanada\u003C\/option\u003E\u003Coption value=\"CV\" \u003ECape Verde\u003C\/option\u003E\u003Coption value=\"KY\" \u003ECayman Islands\u003C\/option\u003E\u003Coption value=\"CF\" \u003ECentral African Republic\u003C\/option\u003E\u003Coption value=\"TD\" \u003EChad\u003C\/option\u003E\u003Coption value=\"CL\" \u003EChile\u003C\/option\u003E\u003Coption value=\"CN\" \u003EChina\u003C\/option\u003E\u003Coption value=\"CX\" \u003EChristmas Island\u003C\/option\u003E\u003Coption value=\"CC\" \u003ECocos (Keeling) Islands\u003C\/option\u003E\u003Coption value=\"CO\" \u003EColombia\u003C\/option\u003E\u003Coption value=\"KM\" \u003EComoros\u003C\/option\u003E\u003Coption value=\"CG\" \u003ECongo (Brazzaville)\u003C\/option\u003E\u003Coption value=\"CD\" \u003ECongo (Kinshasa)\u003C\/option\u003E\u003Coption value=\"CK\" \u003ECook Islands\u003C\/option\u003E\u003Coption value=\"CR\" \u003ECosta Rica\u003C\/option\u003E\u003Coption value=\"HR\" \u003ECroatia\u003C\/option\u003E\u003Coption value=\"CU\" \u003ECuba\u003C\/option\u003E\u003Coption value=\"CW\" \u003ECura&ccedil;ao\u003C\/option\u003E\u003Coption value=\"CY\" \u003ECyprus\u003C\/option\u003E\u003Coption value=\"CZ\" \u003ECzech Republic\u003C\/option\u003E\u003Coption value=\"DK\" \u003EDenmark\u003C\/option\u003E\u003Coption value=\"DJ\" \u003EDjibouti\u003C\/option\u003E\u003Coption value=\"DM\" \u003EDominica\u003C\/option\u003E\u003Coption value=\"DO\" \u003EDominican Republic\u003C\/option\u003E\u003Coption value=\"EC\" \u003EEcuador\u003C\/option\u003E\u003Coption value=\"EG\" \u003EEgypt\u003C\/option\u003E\u003Coption value=\"SV\" \u003EEl Salvador\u003C\/option\u003E\u003Coption value=\"GQ\" \u003EEquatorial Guinea\u003C\/option\u003E\u003Coption value=\"ER\" \u003EEritrea\u003C\/option\u003E\u003Coption value=\"EE\" \u003EEstonia\u003C\/option\u003E\u003Coption value=\"ET\" \u003EEthiopia\u003C\/option\u003E\u003Coption value=\"FK\" \u003EFalkland Islands\u003C\/option\u003E\u003Coption value=\"FO\" \u003EFaroe Islands\u003C\/option\u003E\u003Coption value=\"FJ\" \u003EFiji\u003C\/option\u003E\u003Coption value=\"FI\" \u003EFinland\u003C\/option\u003E\u003Coption value=\"FR\" \u003EFrance\u003C\/option\u003E\u003Coption value=\"GF\" \u003EFrench Guiana\u003C\/option\u003E\u003Coption value=\"PF\" \u003EFrench Polynesia\u003C\/option\u003E\u003Coption value=\"TF\" \u003EFrench Southern Territories\u003C\/option\u003E\u003Coption value=\"GA\" \u003EGabon\u003C\/option\u003E\u003Coption value=\"GM\" \u003EGambia\u003C\/option\u003E\u003Coption value=\"GE\" \u003EGeorgia\u003C\/option\u003E\u003Coption value=\"DE\" \u003EGermany\u003C\/option\u003E\u003Coption value=\"GH\" \u003EGhana\u003C\/option\u003E\u003Coption value=\"GI\" \u003EGibraltar\u003C\/option\u003E\u003Coption value=\"GR\" \u003EGreece\u003C\/option\u003E\u003Coption value=\"GL\" \u003EGreenland\u003C\/option\u003E\u003Coption value=\"GD\" \u003EGrenada\u003C\/option\u003E\u003Coption value=\"GP\" \u003EGuadeloupe\u003C\/option\u003E\u003Coption value=\"GU\" \u003EGuam\u003C\/option\u003E\u003Coption value=\"GT\" \u003EGuatemala\u003C\/option\u003E\u003Coption value=\"GG\" \u003EGuernsey\u003C\/option\u003E\u003Coption value=\"GN\" \u003EGuinea\u003C\/option\u003E\u003Coption value=\"GW\" \u003EGuinea-Bissau\u003C\/option\u003E\u003Coption value=\"GY\" \u003EGuyana\u003C\/option\u003E\u003Coption value=\"HT\" \u003EHaiti\u003C\/option\u003E\u003Coption value=\"HM\" \u003EHeard Island and McDonald Islands\u003C\/option\u003E\u003Coption value=\"HN\" \u003EHonduras\u003C\/option\u003E\u003Coption value=\"HK\" \u003EHong Kong\u003C\/option\u003E\u003Coption value=\"HU\" \u003EHungary\u003C\/option\u003E\u003Coption value=\"IS\" \u003EIceland\u003C\/option\u003E\u003Coption value=\"IN\"  selected='selected'\u003EIndia\u003C\/option\u003E\u003Coption value=\"ID\" \u003EIndonesia\u003C\/option\u003E\u003Coption value=\"IR\" \u003EIran\u003C\/option\u003E\u003Coption value=\"IQ\" \u003EIraq\u003C\/option\u003E\u003Coption value=\"IE\" \u003EIreland\u003C\/option\u003E\u003Coption value=\"IM\" \u003EIsle of Man\u003C\/option\u003E\u003Coption value=\"IL\" \u003EIsrael\u003C\/option\u003E\u003Coption value=\"IT\" \u003EItaly\u003C\/option\u003E\u003Coption value=\"CI\" \u003EIvory Coast\u003C\/option\u003E\u003Coption value=\"JM\" \u003EJamaica\u003C\/option\u003E\u003Coption value=\"JP\" \u003EJapan\u003C\/option\u003E\u003Coption value=\"JE\" \u003EJersey\u003C\/option\u003E\u003Coption value=\"JO\" \u003EJordan\u003C\/option\u003E\u003Coption value=\"KZ\" \u003EKazakhstan\u003C\/option\u003E\u003Coption value=\"KE\" \u003EKenya\u003C\/option\u003E\u003Coption value=\"KI\" \u003EKiribati\u003C\/option\u003E\u003Coption value=\"KW\" \u003EKuwait\u003C\/option\u003E\u003Coption value=\"KG\" \u003EKyrgyzstan\u003C\/option\u003E\u003Coption value=\"LA\" \u003ELaos\u003C\/option\u003E\u003Coption value=\"LV\" \u003ELatvia\u003C\/option\u003E\u003Coption value=\"LB\" \u003ELebanon\u003C\/option\u003E\u003Coption value=\"LS\" \u003ELesotho\u003C\/option\u003E\u003Coption value=\"LR\" \u003ELiberia\u003C\/option\u003E\u003Coption value=\"LY\" \u003ELibya\u003C\/option\u003E\u003Coption value=\"LI\" \u003ELiechtenstein\u003C\/option\u003E\u003Coption value=\"LT\" \u003ELithuania\u003C\/option\u003E\u003Coption value=\"LU\" \u003ELuxembourg\u003C\/option\u003E\u003Coption value=\"MO\" \u003EMacao\u003C\/option\u003E\u003Coption value=\"MG\" \u003EMadagascar\u003C\/option\u003E\u003Coption value=\"MW\" \u003EMalawi\u003C\/option\u003E\u003Coption value=\"MY\" \u003EMalaysia\u003C\/option\u003E\u003Coption value=\"MV\" \u003EMaldives\u003C\/option\u003E\u003Coption value=\"ML\" \u003EMali\u003C\/option\u003E\u003Coption value=\"MT\" \u003EMalta\u003C\/option\u003E\u003Coption value=\"MH\" \u003EMarshall Islands\u003C\/option\u003E\u003Coption value=\"MQ\" \u003EMartinique\u003C\/option\u003E\u003Coption value=\"MR\" \u003EMauritania\u003C\/option\u003E\u003Coption value=\"MU\" \u003EMauritius\u003C\/option\u003E\u003Coption value=\"YT\" \u003EMayotte\u003C\/option\u003E\u003Coption value=\"MX\" \u003EMexico\u003C\/option\u003E\u003Coption value=\"FM\" \u003EMicronesia\u003C\/option\u003E\u003Coption value=\"MD\" \u003EMoldova\u003C\/option\u003E\u003Coption value=\"MC\" \u003EMonaco\u003C\/option\u003E\u003Coption value=\"MN\" \u003EMongolia\u003C\/option\u003E\u003Coption value=\"ME\" \u003EMontenegro\u003C\/option\u003E\u003Coption value=\"MS\" \u003EMontserrat\u003C\/option\u003E\u003Coption value=\"MA\" \u003EMorocco\u003C\/option\u003E\u003Coption value=\"MZ\" \u003EMozambique\u003C\/option\u003E\u003Coption value=\"MM\" \u003EMyanmar\u003C\/option\u003E\u003Coption value=\"NA\" \u003ENamibia\u003C\/option\u003E\u003Coption value=\"NR\" \u003ENauru\u003C\/option\u003E\u003Coption value=\"NP\" \u003ENepal\u003C\/option\u003E\u003Coption value=\"NL\" \u003ENetherlands\u003C\/option\u003E\u003Coption value=\"NC\" \u003ENew Caledonia\u003C\/option\u003E\u003Coption value=\"NZ\" \u003ENew Zealand\u003C\/option\u003E\u003Coption value=\"NI\" \u003ENicaragua\u003C\/option\u003E\u003Coption value=\"NE\" \u003ENiger\u003C\/option\u003E\u003Coption value=\"NG\" \u003ENigeria\u003C\/option\u003E\u003Coption value=\"NU\" \u003ENiue\u003C\/option\u003E\u003Coption value=\"NF\" \u003ENorfolk Island\u003C\/option\u003E\u003Coption value=\"KP\" \u003ENorth Korea\u003C\/option\u003E\u003Coption value=\"MK\" \u003ENorth Macedonia\u003C\/option\u003E\u003Coption value=\"MP\" \u003ENorthern Mariana Islands\u003C\/option\u003E\u003Coption value=\"NO\" \u003ENorway\u003C\/option\u003E\u003Coption value=\"OM\" \u003EOman\u003C\/option\u003E\u003Coption value=\"PK\" \u003EPakistan\u003C\/option\u003E\u003Coption value=\"PS\" \u003EPalestinian Territory\u003C\/option\u003E\u003Coption value=\"PA\" \u003EPanama\u003C\/option\u003E\u003Coption value=\"PG\" \u003EPapua New Guinea\u003C\/option\u003E\u003Coption value=\"PY\" \u003EParaguay\u003C\/option\u003E\u003Coption value=\"PE\" \u003EPeru\u003C\/option\u003E\u003Coption value=\"PH\" \u003EPhilippines\u003C\/option\u003E\u003Coption value=\"PN\" \u003EPitcairn\u003C\/option\u003E\u003Coption value=\"PL\" \u003EPoland\u003C\/option\u003E\u003Coption value=\"PT\" \u003EPortugal\u003C\/option\u003E\u003Coption value=\"PR\" \u003EPuerto Rico\u003C\/option\u003E\u003Coption value=\"QA\" \u003EQatar\u003C\/option\u003E\u003Coption value=\"RE\" \u003EReunion\u003C\/option\u003E\u003Coption value=\"RO\" \u003ERomania\u003C\/option\u003E\u003Coption value=\"RU\" \u003ERussia\u003C\/option\u003E\u003Coption value=\"RW\" \u003ERwanda\u003C\/option\u003E\u003Coption value=\"ST\" \u003ES&atilde;o Tom&eacute; and Pr&iacute;ncipe\u003C\/option\u003E\u003Coption value=\"BL\" \u003ESaint Barth&eacute;lemy\u003C\/option\u003E\u003Coption value=\"SH\" \u003ESaint Helena\u003C\/option\u003E\u003Coption value=\"KN\" \u003ESaint Kitts and Nevis\u003C\/option\u003E\u003Coption value=\"LC\" \u003ESaint Lucia\u003C\/option\u003E\u003Coption value=\"SX\" \u003ESaint Martin (Dutch part)\u003C\/option\u003E\u003Coption value=\"MF\" \u003ESaint Martin (French part)\u003C\/option\u003E\u003Coption value=\"PM\" \u003ESaint Pierre and Miquelon\u003C\/option\u003E\u003Coption value=\"VC\" \u003ESaint Vincent and the Grenadines\u003C\/option\u003E\u003Coption value=\"WS\" \u003ESamoa\u003C\/option\u003E\u003Coption value=\"SM\" \u003ESan Marino\u003C\/option\u003E\u003Coption value=\"SA\" \u003ESaudi Arabia\u003C\/option\u003E\u003Coption value=\"SN\" \u003ESenegal\u003C\/option\u003E\u003Coption value=\"RS\" \u003ESerbia\u003C\/option\u003E\u003Coption value=\"SC\" \u003ESeychelles\u003C\/option\u003E\u003Coption value=\"SL\" \u003ESierra Leone\u003C\/option\u003E\u003Coption value=\"SG\" \u003ESingapore\u003C\/option\u003E\u003Coption value=\"SK\" \u003ESlovakia\u003C\/option\u003E\u003Coption value=\"SI\" \u003ESlovenia\u003C\/option\u003E\u003Coption value=\"SB\" \u003ESolomon Islands\u003C\/option\u003E\u003Coption value=\"SO\" \u003ESomalia\u003C\/option\u003E\u003Coption value=\"ZA\" \u003ESouth Africa\u003C\/option\u003E\u003Coption value=\"GS\" \u003ESouth Georgia\/Sandwich Islands\u003C\/option\u003E\u003Coption value=\"KR\" \u003ESouth Korea\u003C\/option\u003E\u003Coption value=\"SS\" \u003ESouth Sudan\u003C\/option\u003E\u003Coption value=\"ES\" \u003ESpain\u003C\/option\u003E\u003Coption value=\"LK\" \u003ESri Lanka\u003C\/option\u003E\u003Coption value=\"SD\" \u003ESudan\u003C\/option\u003E\u003Coption value=\"SR\" \u003ESuriname\u003C\/option\u003E\u003Coption value=\"SJ\" \u003ESvalbard and Jan Mayen\u003C\/option\u003E\u003Coption value=\"SZ\" \u003ESwaziland\u003C\/option\u003E\u003Coption value=\"SE\" \u003ESweden\u003C\/option\u003E\u003Coption value=\"CH\" \u003ESwitzerland\u003C\/option\u003E\u003Coption value=\"SY\" \u003ESyria\u003C\/option\u003E\u003Coption value=\"TW\" \u003ETaiwan\u003C\/option\u003E\u003Coption value=\"TJ\" \u003ETajikistan\u003C\/option\u003E\u003Coption value=\"TZ\" \u003ETanzania\u003C\/option\u003E\u003Coption value=\"TH\" \u003EThailand\u003C\/option\u003E\u003Coption value=\"TL\" \u003ETimor-Leste\u003C\/option\u003E\u003Coption value=\"TG\" \u003ETogo\u003C\/option\u003E\u003Coption value=\"TK\" \u003ETokelau\u003C\/option\u003E\u003Coption value=\"TO\" \u003ETonga\u003C\/option\u003E\u003Coption value=\"TT\" \u003ETrinidad and Tobago\u003C\/option\u003E\u003Coption value=\"TN\" \u003ETunisia\u003C\/option\u003E\u003Coption value=\"TR\" \u003ETurkey\u003C\/option\u003E\u003Coption value=\"TM\" \u003ETurkmenistan\u003C\/option\u003E\u003Coption value=\"TC\" \u003ETurks and Caicos Islands\u003C\/option\u003E\u003Coption value=\"TV\" \u003ETuvalu\u003C\/option\u003E\u003Coption value=\"UG\" \u003EUganda\u003C\/option\u003E\u003Coption value=\"UA\" \u003EUkraine\u003C\/option\u003E\u003Coption value=\"AE\" \u003EUnited Arab Emirates\u003C\/option\u003E\u003Coption value=\"GB\" \u003EUnited Kingdom (UK)\u003C\/option\u003E\u003Coption value=\"US\" \u003EUnited States (US)\u003C\/option\u003E\u003Coption value=\"UM\" \u003EUnited States (US) Minor Outlying Islands\u003C\/option\u003E\u003Coption value=\"UY\" \u003EUruguay\u003C\/option\u003E\u003Coption value=\"UZ\" \u003EUzbekistan\u003C\/option\u003E\u003Coption value=\"VU\" \u003EVanuatu\u003C\/option\u003E\u003Coption value=\"VA\" \u003EVatican\u003C\/option\u003E\u003Coption value=\"VE\" \u003EVenezuela\u003C\/option\u003E\u003Coption value=\"VN\" \u003EVietnam\u003C\/option\u003E\u003Coption value=\"VG\" \u003EVirgin Islands (British)\u003C\/option\u003E\u003Coption value=\"VI\" \u003EVirgin Islands (US)\u003C\/option\u003E\u003Coption value=\"WF\" \u003EWallis and Futuna\u003C\/option\u003E\u003Coption value=\"EH\" \u003EWestern Sahara\u003C\/option\u003E\u003Coption value=\"YE\" \u003EYemen\u003C\/option\u003E\u003Coption value=\"ZM\" \u003EZambia\u003C\/option\u003E\u003Coption value=\"ZW\" \u003EZimbabwe\u003C\/option\u003E\u003C\/select\u003E\u003Cnoscript\u003E\u003Cbutton type=\"submit\" name=\"woocommerce_checkout_update_totals\" value=\"Update country \/ region\"\u003EUpdate country \/ region\u003C\/button\u003E\u003C\/noscript\u003E\u003C\/p\u003E\u003Cp id=\"billing_address_1_field\" data-priority=\"50\"\u003E\u003Clabel for=\"billing_address_1\"\u003EStreet address&nbsp;\u003Cabbr title=\"required\"\u003E*\u003C\/abbr\u003E\u003C\/label\u003E\u003Cinput type=\"text\" name=\"billing_address_1\" id=\"billing_address_1\" placeholder=\"House number and street name\"  value=\"\" autocomplete=\"address-line1\" \/\u003E\u003C\/p\u003E\u003Cp id=\"billing_address_2_field\" data-priority=\"60\"\u003E\u003Clabel for=\"billing_address_2\"\u003EApartment, suite, unit, etc.&nbsp;(optional)\u003C\/label\u003E\u003Cinput type=\"text\" name=\"billing_address_2\" id=\"billing_address_2\" placeholder=\"Apartment, suite, unit, etc. (optional)\"  value=\"\" autocomplete=\"address-line2\" \/\u003E\u003C\/p\u003E\u003Cp id=\"billing_city_field\" data-priority=\"70\"\u003E\u003Clabel for=\"billing_city\"\u003ETown \/ City&nbsp;\u003Cabbr title=\"required\"\u003E*\u003C\/abbr\u003E\u003C\/label\u003E\u003Cinput type=\"text\" name=\"billing_city\" id=\"billing_city\" placeholder=\"\"  value=\"\" autocomplete=\"address-level2\" \/\u003E\u003C\/p\u003E\u003Cp id=\"billing_state_field\" data-priority=\"80\"\u003E\u003Clabel for=\"billing_state\"\u003EState&nbsp;\u003Cabbr title=\"required\"\u003E*\u003C\/abbr\u003E\u003C\/label\u003E\u003Cselect name=\"billing_state\" id=\"billing_state\" autocomplete=\"address-level1\" data-placeholder=\"Select an option&hellip;\"  data-input-classes=\"\" data-label=\"State\"\u003E\n\t\t\t\t\t\t\u003Coption value=\"\"\u003ESelect an option&hellip;\u003C\/option\u003E\u003Coption value=\"AP\" \u003EAndhra Pradesh\u003C\/option\u003E\u003Coption value=\"AR\" \u003EArunachal Pradesh\u003C\/option\u003E\u003Coption value=\"AS\" \u003EAssam\u003C\/option\u003E\u003Coption value=\"BR\" \u003EBihar\u003C\/option\u003E\u003Coption value=\"CT\" \u003EChhattisgarh\u003C\/option\u003E\u003Coption value=\"GA\" \u003EGoa\u003C\/option\u003E\u003Coption value=\"GJ\" \u003EGujarat\u003C\/option\u003E\u003Coption value=\"HR\" \u003EHaryana\u003C\/option\u003E\u003Coption value=\"HP\" \u003EHimachal Pradesh\u003C\/option\u003E\u003Coption value=\"JK\" \u003EJammu and Kashmir\u003C\/option\u003E\u003Coption value=\"JH\" \u003EJharkhand\u003C\/option\u003E\u003Coption value=\"KA\" \u003EKarnataka\u003C\/option\u003E\u003Coption value=\"KL\" \u003EKerala\u003C\/option\u003E\u003Coption value=\"LA\" \u003ELadakh\u003C\/option\u003E\u003Coption value=\"MP\" \u003EMadhya Pradesh\u003C\/option\u003E\u003Coption value=\"MH\" \u003EMaharashtra\u003C\/option\u003E\u003Coption value=\"MN\" \u003EManipur\u003C\/option\u003E\u003Coption value=\"ML\" \u003EMeghalaya\u003C\/option\u003E\u003Coption value=\"MZ\" \u003EMizoram\u003C\/option\u003E\u003Coption value=\"NL\" \u003ENagaland\u003C\/option\u003E\u003Coption value=\"OR\" \u003EOdisha\u003C\/option\u003E\u003Coption value=\"PB\" \u003EPunjab\u003C\/option\u003E\u003Coption value=\"RJ\" \u003ERajasthan\u003C\/option\u003E\u003Coption value=\"SK\" \u003ESikkim\u003C\/option\u003E\u003Coption value=\"TN\" \u003ETamil Nadu\u003C\/option\u003E\u003Coption value=\"TS\" \u003ETelangana\u003C\/option\u003E\u003Coption value=\"TR\" \u003ETripura\u003C\/option\u003E\u003Coption value=\"UK\" \u003EUttarakhand\u003C\/option\u003E\u003Coption value=\"UP\" \u003EUttar Pradesh\u003C\/option\u003E\u003Coption value=\"WB\" \u003EWest Bengal\u003C\/option\u003E\u003Coption value=\"AN\" \u003EAndaman and Nicobar Islands\u003C\/option\u003E\u003Coption value=\"CH\" \u003EChandigarh\u003C\/option\u003E\u003Coption value=\"DN\" \u003EDadra and Nagar Haveli\u003C\/option\u003E\u003Coption value=\"DD\" \u003EDaman and Diu\u003C\/option\u003E\u003Coption value=\"DL\" \u003EDelhi\u003C\/option\u003E\u003Coption value=\"LD\" \u003ELakshadeep\u003C\/option\u003E\u003Coption value=\"PY\" \u003EPondicherry (Puducherry)\u003C\/option\u003E\u003C\/select\u003E\u003C\/p\u003E\u003Cp id=\"billing_postcode_field\" data-priority=\"90\"\u003E\u003Clabel for=\"billing_postcode\"\u003EPIN&nbsp;\u003Cabbr title=\"required\"\u003E*\u003C\/abbr\u003E\u003C\/label\u003E\u003Cinput type=\"text\" name=\"billing_postcode\" id=\"billing_postcode\" placeholder=\"\"  value=\"\" autocomplete=\"postal-code\" \/\u003E\u003C\/p\u003E\u003Cp id=\"billing_phone_field\" data-priority=\"100\"\u003E\u003Clabel for=\"billing_phone\"\u003EPhone&nbsp;\u003Cabbr title=\"required\"\u003E*\u003C\/abbr\u003E\u003C\/label\u003E\u003Cinput type=\"tel\" name=\"billing_phone\" id=\"billing_phone\" placeholder=\"\"  value=\"\" autocomplete=\"tel\" \/\u003E\u003C\/p\u003E\u003Cp id=\"billing_email_field\" data-priority=\"110\"\u003E\u003Clabel for=\"billing_email\"\u003EEmail address&nbsp;\u003Cabbr title=\"required\"\u003E*\u003C\/abbr\u003E\u003C\/label\u003E\u003Cinput type=\"email\" name=\"billing_email\" id=\"billing_email\" placeholder=\"\"  value=\"rishabhm@bsf.io\" autocomplete=\"email\" \/\u003E\u003C\/p\u003E\t\n\t\t\t\u003Ch3\u003EAdditional information\u003C\/h3\u003E\n\t\t\t\t\t\t\t\u003Cp id=\"order_comments_field\" data-priority=\"\"\u003E\u003Clabel for=\"order_comments\"\u003EOrder notes&nbsp;(optional)\u003C\/label\u003E\u003Ctextarea name=\"order_comments\" id=\"order_comments\" placeholder=\"Notes about your order, e.g. special notes for delivery.\"  rows=\"2\" cols=\"5\"\u003E\u003C\/textarea\u003E\u003C\/p\u003E\t\t\t\t\t\n\t\u003Cinput type=\"hidden\" name=\"_wcf_flow_id\" value=\"878\"\u003E\u003Cinput type=\"hidden\" name=\"_wcf_checkout_id\" value=\"880\"\u003E\n\t\u003Ch3 id=\"order_review_heading\"\u003EYour order\u003C\/h3\u003E\n\t\t\u003Ctable\u003E\n\t\u003Cthead\u003E\n\t\t\u003Ctr\u003E\n\t\t\t\u003Cth\u003EProduct\u003C\/th\u003E\n\t\t\t\u003Cth\u003ESubtotal\u003C\/th\u003E\n\t\t\u003C\/tr\u003E\n\t\u003C\/thead\u003E\n\t\u003Ctbody\u003E\n\t\t\t\t\t\t\u003Ctr\u003E\n\t\t\t\t\t\u003Ctd\u003E\n\t\t\t\t\t\tBlue Tshirt&nbsp;\t\t\t\t\t\t \u003Cstrong\u003E&times;&nbsp;1\u003C\/strong\u003E\t\t\t\t\t\t\t\t\t\t\t\u003C\/td\u003E\n\t\t\t\t\t\u003Ctd\u003E\n\t\t\t\t\t\t\u003Cbdi\u003E&#36;150.00\u003C\/bdi\u003E\t\t\t\t\t\u003C\/td\u003E\n\t\t\t\t\u003C\/tr\u003E\n\t\t\t\t\t\u003C\/tbody\u003E\n\t\u003Ctfoot\u003E\n\t\t\u003Ctr\u003E\n\t\t\t\u003Cth\u003ESubtotal\u003C\/th\u003E\n\t\t\t\u003Ctd\u003E\u003Cbdi\u003E&#36;150.00\u003C\/bdi\u003E\u003C\/td\u003E\n\t\t\u003C\/tr\u003E\n\t\t\u003Ctr\u003E\n\t\t\t\u003Cth\u003ETotal\u003C\/th\u003E\n\t\t\t\u003Ctd\u003E\u003Cstrong\u003E\u003Cbdi\u003E&#36;150.00\u003C\/bdi\u003E\u003C\/strong\u003E \u003C\/td\u003E\n\t\t\u003C\/tr\u003E\n\t\u003C\/tfoot\u003E\n\u003C\/table\u003E\n\t\t\t\t\t\u003Cinput type=\"text\" name=\"coupon_code\" placeholder=\"Coupon Code\" id=\"coupon_code\" value=\"\"\u003E\n\t\t\t\t\t\u003Cbutton type=\"button\" name=\"apply_coupon\" value=\"Apply\"\u003EApply\u003C\/button\u003E\n\t\t\t\u003Cul\u003E\n\t\t\t\u003Cli\u003E\n\t\u003Cinput id=\"payment_method_bacs\" type=\"radio\" name=\"payment_method\" value=\"bacs\"  checked='checked' data-order_button_text=\"\" \/\u003E\n\t\u003Clabel for=\"payment_method_bacs\"\u003E\n\t\tDirect bank transfer \t\u003C\/label\u003E\n\t\t\t\u003Cp\u003EMake your payment directly into our bank account. Please use your Order ID as the payment reference. Your order will not be shipped until the funds have cleared in our account.\u003C\/p\u003E\n\t\u003C\/li\u003E\n\u003Cli\u003E\n\t\u003Cinput id=\"payment_method_cheque\" type=\"radio\" name=\"payment_method\" value=\"cheque\"  data-order_button_text=\"\" \/\u003E\n\t\u003Clabel for=\"payment_method_cheque\"\u003E\n\t\tCheck payments \t\u003C\/label\u003E\n\t\t\t\u003Cp\u003EPlease send a check to Store Name, Store Street, Store Town, Store State \/ County, Store Postcode.\u003C\/p\u003E\n\t\u003C\/li\u003E\n\u003Cli\u003E\n\t\u003Cinput id=\"payment_method_cod\" type=\"radio\" name=\"payment_method\" value=\"cod\"  data-order_button_text=\"\" \/\u003E\n\t\u003Clabel for=\"payment_method_cod\"\u003E\n\t\tCash on delivery \t\u003C\/label\u003E\n\t\t\t\u003Cp\u003EPay with cash upon delivery.\u003C\/p\u003E\n\t\u003C\/li\u003E\n\u003Cli\u003E\n\t\u003Cinput id=\"payment_method_paypal\" type=\"radio\" name=\"payment_method\" value=\"paypal\"  data-order_button_text=\"Proceed to PayPal\" \/\u003E\n\t\u003Clabel for=\"payment_method_paypal\"\u003E\n\t\tPayPal \u003Cimg src=\"https:\/\/www.paypalobjects.com\/webstatic\/mktg\/logo\/AM_mc_vs_dc_ae.jpg\" alt=\"PayPal acceptance mark\" \/\u003E\u003Ca href=\"https:\/\/www.paypal.com\/us\/webapps\/mpp\/paypal-popup\" onclick=\"javascript:window.open('https:\/\/www.paypal.com\/us\/webapps\/mpp\/paypal-popup','WIPaypal','toolbar=no, location=no, directories=no, status=no, menubar=no, scrollbars=yes, resizable=yes, width=1060, height=700'); return false;\"\u003EWhat is PayPal?\u003C\/a\u003E\t\u003C\/label\u003E\n\t\t\t\u003Cp\u003EPay via PayPal; you can pay with your credit card if you don&#8217;t have a PayPal account.\u003C\/p\u003E\n\t\u003C\/li\u003E\n\t\t\u003C\/ul\u003E\n\t\t\u003Cnoscript\u003E\n\t\t\tSince your browser does not support JavaScript, or it is disabled, please ensure you click the \u003Cem\u003EUpdate Totals\u003C\/em\u003E button before placing your order. You may be charged more than the amount stated above if you fail to do so.\t\t\t\u003Cbr\/\u003E\u003Cbutton type=\"submit\" name=\"woocommerce_checkout_update_totals\" value=\"Update totals\"\u003EUpdate totals\u003C\/button\u003E\n\t\t\u003C\/noscript\u003E\n\t\t\u003Cbutton type=\"submit\" name=\"woocommerce_checkout_place_order\" id=\"place_order\" value=\"Place order\" data-value=\"Place order\"\u003EPlace order\u003C\/button\u003E\n\t\t\u003Cinput type=\"hidden\" id=\"woocommerce-process-checkout-nonce\" name=\"woocommerce-process-checkout-nonce\" value=\"ddb6bd491c\" \/\u003E\u003Cinput type=\"hidden\" name=\"_wp_http_referer\" value=\"\/brandstore-02\/wp-admin\/admin-ajax.php?brainstormforce=pTXyytedV9E9TFhT\" \/\u003E\t\n\u003C\/form\u003E\n\u003C!-- END CHECKOUT SHORTCODE --\u003E"},{"title":"Thank You Page","type":"thankyou","meta":{"astra-site-open-in-new-tab":["0"],"wcf-flow-id":["878"],"wcf-step-type":["thankyou"],"_edit_lock":["1639053130:34"],"_elementor_edit_mode":["builder"],"_elementor_template_type":["wp-post"],"_elementor_version":["3.4.8"],"_wp_page_template":["default"],"_astra_content_layout_flag":["disabled"],"site-post-title":["disabled"],"ast-title-bar-display":["disabled"],"ast-featured-img":["disabled"],"site-content-layout":["page-builder"],"site-sidebar-layout":["no-sidebar"],"_elementor_page_settings":["a:2:{s:21:\"background_background\";s:7:\"classic\";s:11:\"__globals__\";a:1:{s:16:\"background_color\";s:33:\"globals\/colors?id=astglobalcolor5\";}}"],"_elementor_data":["[{\"id\":\"64e2f6c\",\"elType\":\"section\",\"settings\":{\"content_width\":{\"unit\":\"px\",\"size\":650,\"sizes\":[]},\"background_background\":\"classic\",\"background_image\":{\"url\":\"https:\\\/\\\/websitedemos.net\\\/brandstore-02\\\/wp-content\\\/uploads\\\/sites\\\/150\\\/2019\\\/12\\\/banner-04.jpg\",\"id\":1206,\"alt\":\"\",\"source\":\"library\"},\"background_position\":\"top center\",\"background_attachment\":\"scroll\",\"background_repeat\":\"no-repeat\",\"background_size\":\"cover\",\"background_overlay_background\":\"classic\",\"background_overlay_opacity\":{\"unit\":\"px\",\"size\":0.65,\"sizes\":[]},\"padding\":{\"unit\":\"px\",\"top\":\"80\",\"right\":\"0\",\"bottom\":\"180\",\"left\":\"0\",\"isLinked\":false},\"__globals__\":{\"background_overlay_color\":\"globals\\\/colors?id=astglobalcolor2\"}},\"elements\":[{\"id\":\"ab466f2\",\"elType\":\"column\",\"settings\":{\"_column_size\":100},\"elements\":[{\"id\":\"36b20df\",\"elType\":\"widget\",\"settings\":{\"image\":{\"url\":\"\",\"id\":\"\"},\"title_text\":\"Thank you\",\"description_text\":\"Lorem ipsum dolor sit amet, consectetur adipiscing elit. Ut elit tellus, luctus nec ullamcorper mattis, pulvinar dapibus leo.\",\"title_size\":\"h1\",\"image_space\":{\"unit\":\"px\",\"size\":0,\"sizes\":[]},\"title_bottom_space\":{\"unit\":\"px\",\"size\":20,\"sizes\":[]},\"__globals__\":{\"title_color\":\"globals\\\/colors?id=astglobalcolor5\",\"description_color\":\"globals\\\/colors?id=astglobalcolor4\"}},\"elements\":[],\"widgetType\":\"image-box\"}],\"isInner\":false}],\"isInner\":false},{\"id\":\"7cc0699\",\"elType\":\"section\",\"settings\":{\"content_width\":{\"unit\":\"px\",\"size\":650,\"sizes\":[]},\"padding\":{\"unit\":\"px\",\"top\":\"0\",\"right\":\"0\",\"bottom\":\"100\",\"left\":\"0\",\"isLinked\":false}},\"elements\":[{\"id\":\"3da48d8\",\"elType\":\"column\",\"settings\":{\"_column_size\":100,\"_inline_size\":null,\"background_background\":\"classic\",\"border_radius\":{\"unit\":\"px\",\"top\":\"10\",\"right\":\"10\",\"bottom\":\"10\",\"left\":\"10\",\"isLinked\":true},\"box_shadow_box_shadow_type\":\"yes\",\"box_shadow_box_shadow\":{\"horizontal\":0,\"vertical\":10,\"blur\":70,\"spread\":-10,\"color\":\"rgba(0,0,0,0.3)\"},\"margin\":{\"unit\":\"px\",\"top\":\"-100\",\"right\":\"0\",\"bottom\":\"0\",\"left\":\"0\",\"isLinked\":false},\"padding\":{\"unit\":\"px\",\"top\":\"45\",\"right\":\"45\",\"bottom\":\"45\",\"left\":\"45\",\"isLinked\":true},\"__globals__\":{\"background_color\":\"globals\\\/colors?id=astglobalcolor5\"}},\"elements\":[{\"id\":\"95f00ec\",\"elType\":\"widget\",\"settings\":{\"shortcode\":\"[cartflows_order_details]\",\"_margin\":{\"unit\":\"px\",\"top\":\"15\",\"right\":\"0\",\"bottom\":\"0\",\"left\":\"0\",\"isLinked\":false}},\"elements\":[],\"widgetType\":\"shortcode\"},{\"id\":\"db83bbc\",\"elType\":\"widget\",\"settings\":{\"title\":\"Follow Us\",\"header_size\":\"h3\",\"align\":\"center\"},\"elements\":[],\"widgetType\":\"heading\"},{\"id\":\"d2a1dd6\",\"elType\":\"widget\",\"settings\":{\"social_icon_list\":[{\"social\":\"fa fa-facebook\",\"_id\":\"5217fa4\",\"link\":{\"url\":\"#\",\"is_external\":\"\",\"nofollow\":\"\"},\"social_icon\":{\"value\":\"fab fa-facebook-f\",\"library\":\"fa-brands\"},\"__fa4_migrated\":{\"social_icon\":true}},{\"social\":\"fa fa-twitter\",\"_id\":\"43b58d8\",\"link\":{\"url\":\"#\",\"is_external\":\"\",\"nofollow\":\"\"},\"social_icon\":{\"value\":\"fab fa-twitter\",\"library\":\"fa-brands\"},\"__fa4_migrated\":{\"social_icon\":true}},{\"social\":\"fa fa-google-plus\",\"_id\":\"53f6d28\",\"link\":{\"url\":\"#\",\"is_external\":\"\",\"nofollow\":\"\"},\"social_icon\":{\"value\":\"fab fa-instagram\",\"library\":\"fa-brands\"},\"__fa4_migrated\":{\"social_icon\":true}}],\"shape\":\"square\",\"icon_color\":\"custom\",\"icon_size\":{\"unit\":\"px\",\"size\":16,\"sizes\":[]},\"icon_padding\":{\"unit\":\"em\",\"size\":0.8,\"sizes\":[]},\"icon_spacing\":{\"unit\":\"px\",\"size\":15,\"sizes\":[]},\"_margin\":{\"unit\":\"px\",\"top\":\"0\",\"right\":\"0\",\"bottom\":\"20\",\"left\":\"0\",\"isLinked\":false},\"__globals__\":{\"icon_primary_color\":\"globals\\\/colors?id=astglobalcolor0\",\"icon_secondary_color\":\"globals\\\/colors?id=astglobalcolor5\",\"hover_primary_color\":\"globals\\\/colors?id=astglobalcolor1\",\"hover_secondary_color\":\"globals\\\/colors?id=astglobalcolor5\"}},\"elements\":[],\"widgetType\":\"social-icons\"}],\"isInner\":false}],\"isInner\":false}]"],"_edit_last":["34"],"_yoast_wpseo_content_score":["90"],"wcf-field-google-font-url":["\/\/fonts.googleapis.com\/css?family="],"wcf-active-tab":["wcf-thankyou-shortcodes"],"wcf-tq-text-color":[""],"wcf-tq-font-family":[""],"wcf-tq-heading-color":[""],"wcf-tq-heading-font-family":[""],"wcf-tq-heading-font-wt":[""],"wcf-tq-container-width":[""],"wcf-tq-section-bg-color":[""],"wcf-tq-advance-options-fields":["no"],"wcf-show-overview-section":["yes"],"wcf-show-details-section":["yes"],"wcf-show-billing-section":["yes"],"wcf-show-shipping-section":["yes"],"wcf-custom-script":[""],"theme-transparent-header-meta":["default"],"wcf-dynamic-css":["\n\n.wcf-thankyou-wrap{\n\tcolor: ;\n\tfont-family: ;\n\tmax-width:px;\n\tfont-size: px;\n}\n\n.woocommerce-order h2.woocommerce-column__title,\n.woocommerce-order h2.woocommerce-order-details__title,\n.woocommerce-order .woocommerce-thankyou-order-received,\n.woocommerce-order-details h2,\n.woocommerce-order h2.wc-bacs-bank-details-heading,\n.woocommerce-order h2.woocommerce-order-downloads__title {\n\tcolor: ;\n\tfont-family: ;\n\tfont-weight: ;\n}\n\n.woocommerce-order ul.order_details,\n.woocommerce-order .woocommerce-order-details,\n.woocommerce-order .woocommerce-customer-details,\n.woocommerce-order .woocommerce-bacs-bank-details,\n.woocommerce-order .woocommerce-order-downloads{\n\tbackground-color: \n}\nimg.emoji, img.wp-smiley {}\n\n\n.wcf-thankyou-wrap{\n\tcolor: ;\n\tfont-family: ;\n\tmax-width:px;\n\tfont-size: px;\n}\n\n.woocommerce-order h2.woocommerce-column__title,\n.woocommerce-order h2.woocommerce-order-details__title,\n.woocommerce-order .woocommerce-thankyou-order-received,\n.woocommerce-order-details h2,\n.woocommerce-order h2.wc-bacs-bank-details-heading,\n.woocommerce-order h2.woocommerce-order-downloads__title {\n\tcolor: ;\n\tfont-family: ;\n\tfont-weight: ;\n}\n\n.woocommerce-order ul.order_details,\n.woocommerce-order .woocommerce-order-details,\n.woocommerce-order .woocommerce-customer-details,\n.woocommerce-order .woocommerce-bacs-bank-details,\n.woocommerce-order .woocommerce-order-downloads{\n\tbackground-color: \n}\nimg.emoji, img.wp-smiley {}\n"],"wcf-dynamic-css-version":["1703743416"],"_elementor_page_assets":["a:0:{}"],"_yoast_wpseo_estimated-reading-time-minutes":["1"],"ast-main-header-display":["disabled"],"ast-hfb-above-header-display":["disabled"],"ast-hfb-below-header-display":["disabled"],"ast-hfb-mobile-header-display":["disabled"],"ast-breadcrumbs-content":["disabled"],"footer-sml-layout":["disabled"],"adv-header-id-meta":[""],"stick-header-meta":[""],"header-above-stick-meta":[""],"header-main-stick-meta":[""],"header-below-stick-meta":[""],"_elementor_controls_usage":["a:6:{s:9:\"image-box\";a:3:{s:5:\"count\";i:1;s:15:\"control_percent\";i:2;s:8:\"controls\";a:2:{s:7:\"content\";a:1:{s:13:\"section_image\";a:3:{s:5:\"image\";i:1;s:10:\"title_text\";i:1;s:10:\"title_size\";i:1;}}s:5:\"style\";a:2:{s:19:\"section_style_image\";a:1:{s:11:\"image_space\";i:1;}s:21:\"section_style_content\";a:1:{s:18:\"title_bottom_space\";i:1;}}}}s:6:\"column\";a:3:{s:5:\"count\";i:2;s:15:\"control_percent\";i:2;s:8:\"controls\";a:3:{s:6:\"layout\";a:1:{s:6:\"layout\";a:1:{s:12:\"_inline_size\";i:1;}}s:5:\"style\";a:2:{s:13:\"section_style\";a:1:{s:21:\"background_background\";i:1;}s:14:\"section_border\";a:3:{s:13:\"border_radius\";i:1;s:26:\"box_shadow_box_shadow_type\";i:1;s:21:\"box_shadow_box_shadow\";i:1;}}s:8:\"advanced\";a:1:{s:16:\"section_advanced\";a:2:{s:6:\"margin\";i:1;s:7:\"padding\";i:1;}}}}s:7:\"section\";a:3:{s:5:\"count\";i:2;s:15:\"control_percent\";i:1;s:8:\"controls\";a:3:{s:6:\"layout\";a:1:{s:14:\"section_layout\";a:1:{s:13:\"content_width\";i:2;}}s:5:\"style\";a:2:{s:18:\"section_background\";a:6:{s:21:\"background_background\";i:1;s:16:\"background_image\";i:1;s:19:\"background_position\";i:1;s:21:\"background_attachment\";i:1;s:17:\"background_repeat\";i:1;s:15:\"background_size\";i:1;}s:26:\"section_background_overlay\";a:2:{s:29:\"background_overlay_background\";i:1;s:26:\"background_overlay_opacity\";i:1;}}s:8:\"advanced\";a:1:{s:16:\"section_advanced\";a:1:{s:7:\"padding\";i:2;}}}}s:9:\"shortcode\";a:3:{s:5:\"count\";i:1;s:15:\"control_percent\";i:1;s:8:\"controls\";a:2:{s:7:\"content\";a:1:{s:17:\"section_shortcode\";a:1:{s:9:\"shortcode\";i:1;}}s:8:\"advanced\";a:1:{s:14:\"_section_style\";a:1:{s:7:\"_margin\";i:1;}}}}s:7:\"heading\";a:3:{s:5:\"count\";i:1;s:15:\"control_percent\";i:1;s:8:\"controls\";a:1:{s:7:\"content\";a:1:{s:13:\"section_title\";a:3:{s:5:\"title\";i:1;s:11:\"header_size\";i:1;s:5:\"align\";i:1;}}}}s:12:\"social-icons\";a:3:{s:5:\"count\";i:1;s:15:\"control_percent\";i:3;s:8:\"controls\";a:3:{s:7:\"content\";a:1:{s:19:\"section_social_icon\";a:2:{s:16:\"social_icon_list\";i:1;s:5:\"shape\";i:1;}}s:5:\"style\";a:1:{s:20:\"section_social_style\";a:4:{s:10:\"icon_color\";i:1;s:9:\"icon_size\";i:1;s:12:\"icon_padding\";i:1;s:12:\"icon_spacing\";i:1;}}s:8:\"advanced\";a:1:{s:14:\"_section_style\";a:1:{s:7:\"_margin\";i:1;}}}}}"],"_elementor_css":["a:6:{s:4:\"time\";i:1697949531;s:5:\"fonts\";a:0:{}s:5:\"icons\";a:1:{i:0;s:9:\"fa-brands\";}s:20:\"dynamic_elements_ids\";a:0:{}s:6:\"status\";s:4:\"file\";i:0;s:0:\"\";}"]},"post_content":"\u003Ch1\u003EThank you\u003C\/h1\u003E\u003Cp\u003ELorem ipsum dolor sit amet, consectetur adipiscing elit. Ut elit tellus, luctus nec ullamcorper mattis, pulvinar dapibus leo.\u003C\/p\u003E\t\t\n\t\t[cartflows_order_details]\t\t\n\t\t\t\u003Ch3\u003EFollow Us\u003C\/h3\u003E\t\t\n\t\t\t\t\t\u003Ca href=\"#\"\u003E\n\t\t\t\t\t\tFacebook-f\n\t\t\t\t\t\t\t\t\t\t\t\u003C\/a\u003E\n\t\t\t\t\t\u003Ca href=\"#\"\u003E\n\t\t\t\t\t\tTwitter\n\t\t\t\t\t\t\t\t\t\t\t\u003C\/a\u003E\n\t\t\t\t\t\u003Ca href=\"#\"\u003E\n\t\t\t\t\t\tInstagram\n\t\t\t\t\t\t\t\t\t\t\t\u003C\/a\u003E"}]}]