[{"fields":{"2":{"id":"2","type":"email","label":"Email","description":"","required":"1","size":"large","placeholder":"Your email address...","confirmation_placeholder":"","default_value":false,"filter_type":"","allowlist":"","denylist":"","css":"","label_hide":"1"}},"id":"4299","field_id":3,"settings":{"form_title":"Signup Form","form_desc":"","submit_text":"Subscribe","submit_text_processing":"Sending...","antispam":"1","form_class":"","submit_class":"","ajax_submit":"1","notification_enable":"1","notifications":{"1":{"email":"{admin_email}","subject":"New Entry: Newsletter Signup Form","sender_name":"Brandstore","sender_address":"{admin_email}","replyto":"{field_id=\"2\"}","message":"{all_fields}"}},"confirmations":{"1":{"type":"message","message":"\u003Cp\u003EThanks for signing up for the newsletter! We'll be in touch soon.\u003C\/p\u003E","message_scroll":"1","page":"43","redirect":""}},"form_tags":[]},"meta":{"template":"4bf2a29bffb74b5530d89949041b535d"}},{"id":"858","field_id":6,"fields":{"0":{"id":"0","type":"name","label":"Name","format":"simple","description":"","required":"1","size":"large","simple_placeholder":"NAME","simple_default":"","first_placeholder":"NAME","first_default":"","middle_placeholder":"","middle_default":"","last_placeholder":"EMAIL","last_default":"","label_hide":"1","sublabel_hide":"1","css":""},"5":{"id":"5","type":"text","label":"Single Line Text","description":"","size":"large","placeholder":"SUBJECT","label_hide":"1","limit_count":"1","limit_mode":"characters","default_value":"","css":"","input_mask":""},"4":{"id":"4","type":"email","label":"Email","description":"","required":"1","size":"large","placeholder":"EMAIL","confirmation_placeholder":"","label_hide":"1","sublabel_hide":"1","default_value":"","css":""},"2":{"id":"2","type":"textarea","label":"Comment or Message","description":"","required":"1","size":"large","placeholder":"MESSAGE","label_hide":"1","limit_count":"1","limit_mode":"characters","default_value":"","css":""}},"settings":{"form_title":"Contact Us","form_desc":"","form_class":"","submit_text":"Send Message","submit_text_processing":"Sending...","submit_class":"","honeypot":"1","notification_enable":"1","notifications":{"1":{"email":"email@example.com","subject":"New Entry: Contact Us","sender_name":"{field_id=\"0\"}","sender_address":"email@example.com","replyto":"{field_id=\"1\"}","message":"{all_fields}"}},"confirmations":{"1":{"type":"message","message":"\u003Cp\u003EThanks for contacting us! We will be in touch with you shortly.\u003C\/p\u003E","message_scroll":"1","page":"43","redirect":""}}},"meta":{"template":"contact"}}]