{"files":["localhost_outfitoutdoor_wpvivid-666ab066e4064_2024-06-13-08-40_backup_db.sql"],"tables":[{"name":"wp_cartflows_ca_email_templates","size":16384,"rows":"3"},{"name":"wp_gla_attribute_mapping_rules","size":16384,"rows":"0"},{"name":"wp_gla_merchant_issues","size":16384,"rows":"0"},{"name":"wp_mailpoet_automation_triggers","size":16384,"rows":"0"},{"name":"wp_mailpoet_automations","size":16384,"rows":"0"},{"name":"wp_mailpoet_forms","size":16384,"rows":"0"},{"name":"wp_mailpoet_log","size":16384,"rows":"0"},{"name":"wp_mailpoet_statistics_bounces","size":16384,"rows":"0"},{"name":"wp_wc_category_lookup","size":16384,"rows":"4"},{"name":"wp_wc_reserved_stock","size":16384,"rows":"0"},{"name":"wp_woocommerce_shipping_zone_methods","size":16384,"rows":"0"},{"name":"wp_woocommerce_shipping_zones","size":16384,"rows":"0"},{"name":"wp_actionscheduler_claims","size":32768,"rows":"0"},{"name":"wp_actionscheduler_groups","size":32768,"rows":"7"},{"name":"wp_cartflows_ca_cart_abandonment","size":32768,"rows":"0"},{"name":"wp_cartflows_ca_email_templates_meta","size":32768,"rows":"0"},{"name":"wp_e_events","size":32768,"rows":"0"},{"name":"wp_gla_shipping_times","size":32768,"rows":"0"},{"name":"wp_links","size":32768,"rows":"0"},{"name":"wp_mailpoet_automation_versions","size":32768,"rows":"0"},{"name":"wp_mailpoet_custom_fields","size":32768,"rows":"0"},{"name":"wp_mailpoet_dynamic_segment_filters","size":32768,"rows":"0"},{"name":"wp_mailpoet_feature_flags","size":32768,"rows":"0"},{"name":"wp_mailpoet_migrations","size":32768,"rows":"27"},{"name":"wp_mailpoet_newsletter_option","size":32768,"rows":"0"},{"name":"wp_mailpoet_newsletter_option_fields","size":32768,"rows":"31"},{"name":"wp_mailpoet_newsletter_posts","size":32768,"rows":"0"},{"name":"wp_mailpoet_newsletter_segment","size":32768,"rows":"0"},{"name":"wp_mailpoet_scheduled_task_subscribers","size":32768,"rows":"0"},{"name":"wp_mailpoet_settings","size":32768,"rows":"15"},{"name":"wp_mailpoet_statistics_forms","size":32768,"rows":"0"},{"name":"wp_mailpoet_subscriber_custom_field","size":32768,"rows":"0"},{"name":"wp_mailpoet_subscriber_ips","size":32768,"rows":"0"},{"name":"wp_mailpoet_tags","size":32768,"rows":"0"},{"name":"wp_mailpoet_user_agents","size":32768,"rows":"0"},{"name":"wp_mailpoet_user_flags","size":32768,"rows":"0"},{"name":"wp_term_relationships","size":32768,"rows":"59"},{"name":"wp_wc_product_attributes_lookup","size":32768,"rows":"0"},{"name":"wp_wc_product_download_directories","size":32768,"rows":"2"},{"name":"wp_wc_rate_limits","size":32768,"rows":"0"},{"name":"wp_wc_tax_rate_classes","size":32768,"rows":"2"},{"name":"wp_wc_webhooks","size":32768,"rows":"0"},{"name":"wp_woocommerce_attribute_taxonomies","size":32768,"rows":"0"},{"name":"wp_woocommerce_log","size":32768,"rows":"0"},{"name":"wp_woocommerce_order_items","size":32768,"rows":"0"},{"name":"wp_woocommerce_payment_tokens","size":32768,"rows":"0"},{"name":"wp_woocommerce_sessions","size":32768,"rows":"2"},{"name":"wp_cartflows_ca_email_history","size":49152,"rows":"0"},{"name":"wp_commentmeta","size":49152,"rows":"0"},{"name":"wp_e_submissions_values","size":49152,"rows":"0"},{"name":"wp_gla_shipping_rates","size":49152,"rows":"0"},{"name":"wp_mailpoet_automation_run_subjects","size":49152,"rows":"0"},{"name":"wp_mailpoet_scheduled_tasks","size":49152,"rows":"62"},{"name":"wp_mailpoet_segments","size":49152,"rows":"3"},{"name":"wp_mailpoet_sending_queues","size":49152,"rows":"0"},{"name":"wp_mailpoet_statistics_newsletters","size":49152,"rows":"0"},{"name":"wp_mailpoet_stats_notifications","size":49152,"rows":"0"},{"name":"wp_mailpoet_subscriber_segment","size":49152,"rows":"0"},{"name":"wp_mailpoet_subscriber_tag","size":49152,"rows":"0"},{"name":"wp_term_taxonomy","size":49152,"rows":"29"},{"name":"wp_termmeta","size":49152,"rows":"21"},{"name":"wp_terms","size":49152,"rows":"33"},{"name":"wp_usermeta","size":49152,"rows":"36"},{"name":"wp_wc_customer_lookup","size":49152,"rows":"0"},{"name":"wp_wc_download_log","size":49152,"rows":"0"},{"name":"wp_wc_order_coupon_lookup","size":49152,"rows":"0"},{"name":"wp_wc_order_operational_data","size":49152,"rows":"0"},{"name":"wp_wc_order_tax_lookup","size":49152,"rows":"0"},{"name":"wp_wc_orders_meta","size":49152,"rows":"0"},{"name":"wp_woocommerce_api_keys","size":49152,"rows":"0"},{"name":"wp_woocommerce_order_itemmeta","size":49152,"rows":"0"},{"name":"wp_woocommerce_payment_tokenmeta","size":49152,"rows":"0"},{"name":"wp_woocommerce_shipping_zone_locations","size":49152,"rows":"0"},{"name":"wp_woocommerce_tax_rate_locations","size":49152,"rows":"0"},{"name":"wp_mailpoet_newsletter_links","size":65536,"rows":"0"},{"name":"wp_mailpoet_newsletters","size":65536,"rows":"0"},{"name":"wp_mailpoet_statistics_clicks","size":65536,"rows":"0"},{"name":"wp_mailpoet_statistics_unsubscribes","size":65536,"rows":"0"},{"name":"wp_users","size":65536,"rows":"2"},{"name":"wp_wc_admin_notes","size":65536,"rows":"59"},{"name":"wp_wc_order_stats","size":65536,"rows":"0"},{"name":"wp_mailpoet_automation_run_logs","size":81920,"rows":"0"},{"name":"wp_wc_admin_note_actions","size":81920,"rows":"98"},{"name":"wp_wc_order_addresses","size":81920,"rows":"0"},{"name":"wp_wc_order_product_lookup","size":81920,"rows":"0"},{"name":"wp_woocommerce_downloadable_product_permissions","size":81920,"rows":"0"},{"name":"wp_woocommerce_tax_rates","size":81920,"rows":"0"},{"name":"wp_mailpoet_automation_runs","size":98304,"rows":"0"},{"name":"wp_mailpoet_statistics_opens","size":98304,"rows":"0"},{"name":"wp_mailpoet_statistics_woocommerce_purchases","size":98304,"rows":"0"},{"name":"wp_comments","size":114688,"rows":"1"},{"name":"wp_wc_product_meta_lookup","size":114688,"rows":"12"},{"name":"wp_e_submissions_actions_log","size":131072,"rows":"0"},{"name":"wp_wc_orders","size":131072,"rows":"0"},{"name":"wp_mailpoet_subscribers","size":262144,"rows":"1"},{"name":"wp_actionscheduler_logs","size":278528,"rows":"1378"},{"name":"wp_e_submissions","size":294912,"rows":"0"},{"name":"wp_gla_budget_recommendations","size":344064,"rows":"4230"},{"name":"wp_actionscheduler_actions","size":524288,"rows":"663"},{"name":"wp_mailpoet_newsletter_templates","size":2637824,"rows":"69"},{"name":"wp_posts","size":2654208,"rows":"261"},{"name":"wp_options","size":5373952,"rows":"562"},{"name":"wp_postmeta","size":8863744,"rows":"1815"}],"dump_db":1,"file_type":"databases","home_url":"http:\/\/localhost\/outfitoutdoor","root_flag":"custom","php_version":"8.2.4","mysql_version":"10.4.28","wp_version":"6.5.4","find_zero_date":1,"file":"localhost_outfitoutdoor_wpvivid-666ab066e4064_2024-06-13-08-40_backup_db.part001.zip"}