{"id-19915":{"title":"Plumber","id":19915,"publish-date":1546411117,"featured-image-url":"https:\/\/websitedemos.net\/wp-content\/uploads\/2019\/07\/plumber-02-home.jpg","thumbnail-image-url":"https:\/\/websitedemos.net\/wp-content\/uploads\/2019\/07\/plumber-02-home.jpg","fullpage-thumbnail-image-url":"https:\/\/websitedemos.net\/wp-content\/uploads\/2019\/07\/plumber-02-home.jpg","astra-site-url":"\/\/websitedemos.net\/plumber-02","astra-site-parent-id":293,"astra-sites-tag":{"3416":"elementor","1021":"local-business","439":"local-services","507":"plumber","508":"plumbing"},"astra-sites-type":"free","astra-site-category":{"27":"business","39":"free"},"astra-sites-template-category":{"2777":"business","2816":"plumbing","2831":"service"},"astra-site-page-builder":"elementor","categories":{"3427":"default","3428":"free","2471":"local-technician"},"required-plugins":[{"slug":"elementor","init":"elementor\/elementor.php","name":"Elementor"},{"slug":"wpforms-lite","init":"wpforms-lite\/wpforms.php","name":"WPForms Lite"}],"post-status":"publish","post-content":"<!-- wp:paragraph -->\n<p>The Plumber template is clean, modern and business-like, just what you need to inspire confidence and attract new leads. The homepage opens with a simple headline and contact form before opening into service sections and extra content. It creates a great first impression!<\/p>\n<!-- \/wp:paragraph -->\n\n<!-- wp:paragraph -->\n<p>The template combines dark and light areas with modern fonts and a bold contrast color for interest. Extra pages echo this design and provide everything you need to build a small business website.<\/p>\n<!-- \/wp:paragraph -->\n\n<!-- wp:heading {\"UAGDay\":[]} -->\n<h2 class=\"wp-block-heading\">Key features of the Plumber template<\/h2>\n<!-- \/wp:heading -->\n\n<!-- wp:list -->\n<ul><!-- wp:list-item -->\n<li>Attractive business template<\/li>\n<!-- \/wp:list-item -->\n\n<!-- wp:list-item -->\n<li>Headline and contact form front and center<\/li>\n<!-- \/wp:list-item -->\n\n<!-- wp:list-item -->\n<li>Lots of content areas for products and services<\/li>\n<!-- \/wp:list-item -->\n\n<!-- wp:list-item -->\n<li>Dedicated testimonial page for social proof<\/li>\n<!-- \/wp:list-item -->\n\n<!-- wp:list-item -->\n<li>Full compatibility with leading page builders<\/li>\n<!-- \/wp:list-item --><\/ul>\n<!-- \/wp:list -->","post-excerpt":"Business-like template designed to deliver information fast with high engagement","pages":{"id-25059":{"title":"Home","featured-image-url":"https:\/\/websitedemos.net\/wp-content\/uploads\/2019\/07\/plumber-02-home.jpg","thumbnail-image-url":"https:\/\/websitedemos.net\/wp-content\/uploads\/2019\/07\/plumber-02-home.jpg","astra-page-api-url":"https:\/\/websitedemos.net\/plumber-02\/wp-json\/wp\/v2\/pages\/7","dynamic-page":"no","astra-page-url":"\/\/websitedemos.net\/plumber-02\/","astra-sites-tag":{"423":"home"},"site-pages-type":"free","site-pages-page-builder":"elementor","site-pages-category":[],"site-pages-parent-category":{"60":"business","61":"free"},"required-plugins":[{"slug":"elementor","init":"elementor\/elementor.php","name":"Elementor"},{"slug":"wpforms-lite","init":"wpforms-lite\/wpforms.php","name":"WPForms Lite"}]},"id-25055":{"title":"About","featured-image-url":"https:\/\/websitedemos.net\/wp-content\/uploads\/2019\/07\/plumber-02-about.jpg","thumbnail-image-url":"https:\/\/websitedemos.net\/wp-content\/uploads\/2019\/07\/plumber-02-about.jpg","astra-page-api-url":"https:\/\/websitedemos.net\/plumber-02\/wp-json\/wp\/v2\/pages\/8","dynamic-page":"no","astra-page-url":"\/\/websitedemos.net\/plumber-02\/about\/","astra-sites-tag":{"352":"about"},"site-pages-type":"free","site-pages-page-builder":"elementor","site-pages-category":[],"site-pages-parent-category":{"60":"business","61":"free"},"required-plugins":[{"slug":"elementor","init":"elementor\/elementor.php","name":"Elementor"}]},"id-25060":{"title":"Services","featured-image-url":"https:\/\/websitedemos.net\/wp-content\/uploads\/2019\/07\/plumber-02-serivces.jpg","thumbnail-image-url":"https:\/\/websitedemos.net\/wp-content\/uploads\/2019\/07\/plumber-02-serivces.jpg","astra-page-api-url":"https:\/\/websitedemos.net\/plumber-02\/wp-json\/wp\/v2\/pages\/10","dynamic-page":"no","astra-page-url":"\/\/websitedemos.net\/plumber-02\/services\/","astra-sites-tag":{"425":"services"},"site-pages-type":"free","site-pages-page-builder":"elementor","site-pages-category":[],"site-pages-parent-category":{"60":"business","61":"free"},"required-plugins":[{"slug":"elementor","init":"elementor\/elementor.php","name":"Elementor"}]},"id-25061":{"title":"Testimonials","featured-image-url":"https:\/\/websitedemos.net\/wp-content\/uploads\/2019\/07\/plumber-02-testimonials.jpg","thumbnail-image-url":"https:\/\/websitedemos.net\/wp-content\/uploads\/2019\/07\/id-25061-plumber-testimonials-resize.jpg","astra-page-api-url":"https:\/\/websitedemos.net\/plumber-02\/wp-json\/wp\/v2\/pages\/13","dynamic-page":"no","astra-page-url":"\/\/websitedemos.net\/plumber-02\/testimonials\/","astra-sites-tag":{"433":"testimonials"},"site-pages-type":"free","site-pages-page-builder":"elementor","site-pages-category":[],"site-pages-parent-category":{"60":"business","61":"free"},"required-plugins":[{"slug":"elementor","init":"elementor\/elementor.php","name":"Elementor"}]},"id-25058":{"title":"FAQ","featured-image-url":"https:\/\/websitedemos.net\/wp-content\/uploads\/2019\/07\/plumber-02-faq.jpg","thumbnail-image-url":"https:\/\/websitedemos.net\/wp-content\/uploads\/2019\/07\/plumber-02-faq.jpg","astra-page-api-url":"https:\/\/websitedemos.net\/plumber-02\/wp-json\/wp\/v2\/pages\/14","dynamic-page":"no","astra-page-url":"\/\/websitedemos.net\/plumber-02\/faq\/","astra-sites-tag":{"426":"faq"},"site-pages-type":"free","site-pages-page-builder":"elementor","site-pages-category":[],"site-pages-parent-category":{"60":"business","61":"free"},"required-plugins":[{"slug":"elementor","init":"elementor\/elementor.php","name":"Elementor"}]},"id-25057":{"title":"Contact","featured-image-url":"https:\/\/websitedemos.net\/wp-content\/uploads\/2019\/07\/plumber-02-contact.jpg","thumbnail-image-url":"https:\/\/websitedemos.net\/wp-content\/uploads\/2019\/07\/plumber-02-contact.jpg","astra-page-api-url":"https:\/\/websitedemos.net\/plumber-02\/wp-json\/wp\/v2\/pages\/12","dynamic-page":"no","astra-page-url":"\/\/websitedemos.net\/plumber-02\/contact\/","astra-sites-tag":{"415":"contact"},"site-pages-type":"free","site-pages-page-builder":"elementor","site-pages-category":[],"site-pages-parent-category":{"60":"business","61":"free"},"required-plugins":[{"slug":"elementor","init":"elementor\/elementor.php","name":"Elementor"},{"slug":"wpforms-lite","init":"wpforms-lite\/wpforms.php","name":"WPForms Lite"}]}},"related-bb-template":20536,"related-elementor-template":19915,"related-gutenberg-template":48208,"related_ecommerce_template":"","ecommerce_parent_template":""},"id-20515":{"title":"Conference Event","id":20515,"publish-date":1545982682,"featured-image-url":"https:\/\/websitedemos.net\/wp-content\/uploads\/2018\/03\/conference-event-03-revampp.jpg","thumbnail-image-url":"https:\/\/websitedemos.net\/wp-content\/uploads\/2018\/03\/conference-event-03-revampp.jpg","fullpage-thumbnail-image-url":"https:\/\/websitedemos.net\/wp-content\/uploads\/2018\/03\/conference-event-03-revampp.jpg","astra-site-url":"\/\/websitedemos.net\/conference-event-05","astra-site-parent-id":172,"astra-sites-tag":{"744":"conference","742":"event-website","743":"meeting","399":"one-page","745":"organization","463":"single-page"},"astra-sites-type":"free","astra-site-category":{"27":"business","39":"free"},"astra-sites-template-category":[],"astra-site-page-builder":"brizy","categories":[],"required-plugins":[{"slug":"brizy","init":"brizy\/brizy.php","name":"Brizy"}],"post-status":"publish","post-content":"","post-excerpt":"","pages":{"id-23626":{"title":"One Page Website","featured-image-url":"https:\/\/websitedemos.net\/wp-content\/uploads\/2018\/03\/conference-event-feb-20-home.jpg","thumbnail-image-url":"https:\/\/websitedemos.net\/wp-content\/uploads\/2018\/03\/conference-event-feb-20-home.jpg","astra-page-api-url":"https:\/\/websitedemos.net\/conference-event-05\/wp-json\/wp\/v2\/pages\/101","dynamic-page":"no","astra-page-url":"\/\/websitedemos.net\/conference-event-05\/","astra-sites-tag":{"423":"home"},"site-pages-type":"free","site-pages-page-builder":"brizy","site-pages-category":[],"site-pages-parent-category":{"60":"business","61":"free"},"required-plugins":[{"slug":"brizy","init":"brizy\/brizy.php","name":"Brizy"}]}},"related-bb-template":"","related-elementor-template":"","related-gutenberg-template":"","related_ecommerce_template":"","ecommerce_parent_template":""},"id-20536":{"title":"Plumber","id":20536,"publish-date":1546411115,"featured-image-url":"https:\/\/websitedemos.net\/wp-content\/uploads\/2019\/07\/plumber-home-screenshot.jpg","thumbnail-image-url":"https:\/\/websitedemos.net\/wp-content\/uploads\/2019\/07\/plumber-home-screenshot.jpg","fullpage-thumbnail-image-url":"https:\/\/websitedemos.net\/wp-content\/uploads\/2019\/07\/plumber-home-screenshot.jpg","astra-site-url":"\/\/websitedemos.net\/plumber-01","astra-site-parent-id":295,"astra-sites-tag":{"439":"local-services","507":"plumber","508":"plumbing"},"astra-sites-type":"free","astra-site-category":{"27":"business","39":"free"},"astra-sites-template-category":[],"astra-site-page-builder":"beaver-builder","categories":{"2471":"local-technician"},"required-plugins":[{"slug":"beaver-builder-lite-version","init":"beaver-builder-lite-version\/fl-builder.php","name":"Beaver Builder Plugin (Lite Version)"},{"slug":"ultimate-addons-for-beaver-builder-lite","init":"ultimate-addons-for-beaver-builder-lite\/bb-ultimate-addon.php","name":"Ultimate Addons for Beaver Builder - Lite"},{"slug":"wpforms-lite","init":"wpforms-lite\/wpforms.php","name":"WPForms Lite"}],"post-status":"publish","post-content":"","post-excerpt":"","pages":{"id-44078":{"title":"Home","featured-image-url":"https:\/\/websitedemos.net\/wp-content\/uploads\/2019\/07\/plumber-home-screenshot.jpg","thumbnail-image-url":"https:\/\/websitedemos.net\/wp-content\/uploads\/2019\/07\/plumber-home-screenshot.jpg","astra-page-api-url":"https:\/\/websitedemos.net\/plumber-01\/wp-json\/wp\/v2\/pages\/7","dynamic-page":"no","astra-page-url":"\/\/websitedemos.net\/plumber-01\/","astra-sites-tag":{"423":"home"},"site-pages-type":"free","site-pages-page-builder":"beaver-builder","site-pages-category":[],"site-pages-parent-category":{"60":"business","61":"free"},"required-plugins":[{"slug":"beaver-builder-lite-version","init":"beaver-builder-lite-version\/fl-builder.php","name":"Beaver Builder Plugin (Lite Version)"},{"slug":"ultimate-addons-for-beaver-builder-lite","init":"ultimate-addons-for-beaver-builder-lite\/bb-ultimate-addon.php","name":"Ultimate Addons for Beaver Builder - Lite"},{"slug":"wpforms-lite","init":"wpforms-lite\/wpforms.php","name":"WPForms Lite"}]},"id-44075":{"title":"About","featured-image-url":"https:\/\/websitedemos.net\/wp-content\/uploads\/2019\/07\/plumber-about-screenshot.jpg","thumbnail-image-url":"https:\/\/websitedemos.net\/wp-content\/uploads\/2019\/07\/plumber-about-screenshot.jpg","astra-page-api-url":"https:\/\/websitedemos.net\/plumber-01\/wp-json\/wp\/v2\/pages\/8","dynamic-page":"no","astra-page-url":"\/\/websitedemos.net\/plumber-01\/about\/","astra-sites-tag":{"352":"about"},"site-pages-type":"free","site-pages-page-builder":"beaver-builder","site-pages-category":[],"site-pages-parent-category":{"60":"business","61":"free"},"required-plugins":[{"slug":"beaver-builder-lite-version","init":"beaver-builder-lite-version\/fl-builder.php","name":"Beaver Builder Plugin (Lite Version)"},{"slug":"ultimate-addons-for-beaver-builder-lite","init":"ultimate-addons-for-beaver-builder-lite\/bb-ultimate-addon.php","name":"Ultimate Addons for Beaver Builder - Lite"}]},"id-44079":{"title":"Services","featured-image-url":"https:\/\/websitedemos.net\/wp-content\/uploads\/2019\/07\/plumber-services-screenshot.jpg","thumbnail-image-url":"https:\/\/websitedemos.net\/wp-content\/uploads\/2019\/07\/plumber-services-screenshot.jpg","astra-page-api-url":"https:\/\/websitedemos.net\/plumber-01\/wp-json\/wp\/v2\/pages\/10","dynamic-page":"no","astra-page-url":"\/\/websitedemos.net\/plumber-01\/services\/","astra-sites-tag":{"425":"services"},"site-pages-type":"free","site-pages-page-builder":"beaver-builder","site-pages-category":[],"site-pages-parent-category":{"60":"business","61":"free"},"required-plugins":[{"slug":"beaver-builder-lite-version","init":"beaver-builder-lite-version\/fl-builder.php","name":"Beaver Builder Plugin (Lite Version)"},{"slug":"ultimate-addons-for-beaver-builder-lite","init":"ultimate-addons-for-beaver-builder-lite\/bb-ultimate-addon.php","name":"Ultimate Addons for Beaver Builder - Lite"}]},"id-44080":{"title":"Testimonials","featured-image-url":"https:\/\/websitedemos.net\/wp-content\/uploads\/2019\/07\/plumber-testimonials-screenshot.jpg","thumbnail-image-url":"https:\/\/websitedemos.net\/wp-content\/uploads\/2019\/07\/plumber-testimonials-screenshot.jpg","astra-page-api-url":"https:\/\/websitedemos.net\/plumber-01\/wp-json\/wp\/v2\/pages\/13","dynamic-page":"no","astra-page-url":"\/\/websitedemos.net\/plumber-01\/testimonials\/","astra-sites-tag":{"433":"testimonials"},"site-pages-type":"free","site-pages-page-builder":"beaver-builder","site-pages-category":[],"site-pages-parent-category":{"60":"business","61":"free"},"required-plugins":[{"slug":"beaver-builder-lite-version","init":"beaver-builder-lite-version\/fl-builder.php","name":"Beaver Builder Plugin (Lite Version)"},{"slug":"ultimate-addons-for-beaver-builder-lite","init":"ultimate-addons-for-beaver-builder-lite\/bb-ultimate-addon.php","name":"Ultimate Addons for Beaver Builder - Lite"}]},"id-44077":{"title":"FAQs","featured-image-url":"https:\/\/websitedemos.net\/wp-content\/uploads\/2019\/07\/plumber-faq-screenshot.jpg","thumbnail-image-url":"https:\/\/websitedemos.net\/wp-content\/uploads\/2019\/07\/plumber-faq-screenshot.jpg","astra-page-api-url":"https:\/\/websitedemos.net\/plumber-01\/wp-json\/wp\/v2\/pages\/14","dynamic-page":"no","astra-page-url":"\/\/websitedemos.net\/plumber-01\/faqs\/","astra-sites-tag":{"426":"faq"},"site-pages-type":"free","site-pages-page-builder":"beaver-builder","site-pages-category":[],"site-pages-parent-category":{"60":"business","61":"free"},"required-plugins":[{"slug":"beaver-builder-lite-version","init":"beaver-builder-lite-version\/fl-builder.php","name":"Beaver Builder Plugin (Lite Version)"},{"slug":"ultimate-addons-for-beaver-builder-lite","init":"ultimate-addons-for-beaver-builder-lite\/bb-ultimate-addon.php","name":"Ultimate Addons for Beaver Builder - Lite"}]},"id-44076":{"title":"Contact","featured-image-url":"https:\/\/websitedemos.net\/wp-content\/uploads\/2019\/07\/plumber-contact-screenshot.jpg","thumbnail-image-url":"https:\/\/websitedemos.net\/wp-content\/uploads\/2019\/07\/plumber-contact-screenshot.jpg","astra-page-api-url":"https:\/\/websitedemos.net\/plumber-01\/wp-json\/wp\/v2\/pages\/12","dynamic-page":"no","astra-page-url":"\/\/websitedemos.net\/plumber-01\/contact\/","astra-sites-tag":{"415":"contact"},"site-pages-type":"free","site-pages-page-builder":"beaver-builder","site-pages-category":[],"site-pages-parent-category":{"60":"business","61":"free"},"required-plugins":[{"slug":"beaver-builder-lite-version","init":"beaver-builder-lite-version\/fl-builder.php","name":"Beaver Builder Plugin (Lite Version)"},{"slug":"ultimate-addons-for-beaver-builder-lite","init":"ultimate-addons-for-beaver-builder-lite\/bb-ultimate-addon.php","name":"Ultimate Addons for Beaver Builder - Lite"},{"slug":"wpforms-lite","init":"wpforms-lite\/wpforms.php","name":"WPForms Lite"}]}},"related-bb-template":"","related-elementor-template":"","related-gutenberg-template":"","related_ecommerce_template":"","ecommerce_parent_template":""},"id-20475":{"title":"Co-Working Space","id":20475,"publish-date":1545657562,"featured-image-url":"https:\/\/websitedemos.net\/wp-content\/uploads\/2018\/12\/id-20475-co-working-space-resize.jpg","thumbnail-image-url":"https:\/\/websitedemos.net\/wp-content\/uploads\/2018\/12\/id-20475-co-working-space-resize.jpg","fullpage-thumbnail-image-url":"https:\/\/websitedemos.net\/wp-content\/uploads\/2018\/12\/id-20475-co-working-space-resize.jpg","astra-site-url":"\/\/websitedemos.net\/co-working-space-05","astra-site-parent-id":235,"astra-sites-tag":{"692":"business","693":"cafe","694":"co-working-place","695":"collaboration","979":"company","812":"office","691":"work-place"},"astra-sites-type":"free","astra-site-category":{"27":"business","39":"free"},"astra-sites-template-category":[],"astra-site-page-builder":"brizy","categories":[],"required-plugins":[{"slug":"astra-widgets","init":"astra-widgets\/astra-widgets.php","name":"Astra Widgets"},{"slug":"brizy","init":"brizy\/brizy.php","name":"Brizy"},{"slug":"wpforms-lite","init":"wpforms-lite\/wpforms.php","name":"WPForms Lite"}],"post-status":"publish","post-content":"","post-excerpt":"","pages":{"id-24503":{"title":"Home","featured-image-url":"https:\/\/websitedemos.net\/wp-content\/uploads\/2019\/07\/id-24503-co-working-space-home-resize.jpg","thumbnail-image-url":"https:\/\/websitedemos.net\/wp-content\/uploads\/2019\/07\/id-24503-co-working-space-home-resize.jpg","astra-page-api-url":"https:\/\/websitedemos.net\/co-working-space-05\/wp-json\/wp\/v2\/pages\/143","dynamic-page":"no","astra-page-url":"\/\/websitedemos.net\/co-working-space-05\/","astra-sites-tag":{"423":"home"},"site-pages-type":"free","site-pages-page-builder":"brizy","site-pages-category":[],"site-pages-parent-category":{"60":"business","61":"free"},"required-plugins":[{"slug":"brizy","init":"brizy\/brizy.php","name":"Brizy"}]},"id-24500":{"title":"About Us","featured-image-url":"https:\/\/websitedemos.net\/wp-content\/uploads\/2019\/07\/co-working-space-02-about-us-page.jpg","thumbnail-image-url":"https:\/\/websitedemos.net\/wp-content\/uploads\/2019\/07\/co-working-space-02-about-us-page.jpg","astra-page-api-url":"https:\/\/websitedemos.net\/co-working-space-05\/wp-json\/wp\/v2\/pages\/147","dynamic-page":"no","astra-page-url":"\/\/websitedemos.net\/co-working-space-05\/about-us\/","astra-sites-tag":{"352":"about"},"site-pages-type":"free","site-pages-page-builder":"brizy","site-pages-category":[],"site-pages-parent-category":{"60":"business","61":"free"},"required-plugins":[{"slug":"brizy","init":"brizy\/brizy.php","name":"Brizy"}]},"id-24501":{"title":"Amenities","featured-image-url":"https:\/\/websitedemos.net\/wp-content\/uploads\/2019\/07\/co-working-space-02-amenities-page.jpg","thumbnail-image-url":"https:\/\/websitedemos.net\/wp-content\/uploads\/2019\/07\/co-working-space-02-amenities-page.jpg","astra-page-api-url":"https:\/\/websitedemos.net\/co-working-space-05\/wp-json\/wp\/v2\/pages\/150","dynamic-page":"no","astra-page-url":"\/\/websitedemos.net\/co-working-space-05\/amenities\/","astra-sites-tag":{"777":"amenities"},"site-pages-type":"free","site-pages-page-builder":"brizy","site-pages-category":[],"site-pages-parent-category":{"60":"business","61":"free"},"required-plugins":[{"slug":"brizy","init":"brizy\/brizy.php","name":"Brizy"}]},"id-24504":{"title":"Pricing","featured-image-url":"https:\/\/websitedemos.net\/wp-content\/uploads\/2019\/07\/co-working-space-02-pricing-page.jpg","thumbnail-image-url":"https:\/\/websitedemos.net\/wp-content\/uploads\/2019\/07\/co-working-space-02-pricing-page.jpg","astra-page-api-url":"https:\/\/websitedemos.net\/co-working-space-05\/wp-json\/wp\/v2\/pages\/153","dynamic-page":"no","astra-page-url":"\/\/websitedemos.net\/co-working-space-05\/pricing\/","astra-sites-tag":{"585":"pricing"},"site-pages-type":"free","site-pages-page-builder":"brizy","site-pages-category":[],"site-pages-parent-category":{"60":"business","61":"free"},"required-plugins":[{"slug":"brizy","init":"brizy\/brizy.php","name":"Brizy"}]},"id-24502":{"title":"Contact","featured-image-url":"https:\/\/websitedemos.net\/wp-content\/uploads\/2019\/07\/id-24502-co-working-space-contact-resize.jpg","thumbnail-image-url":"https:\/\/websitedemos.net\/wp-content\/uploads\/2019\/07\/id-24502-co-working-space-contact-resize.jpg","astra-page-api-url":"https:\/\/websitedemos.net\/co-working-space-05\/wp-json\/wp\/v2\/pages\/156","dynamic-page":"no","astra-page-url":"\/\/websitedemos.net\/co-working-space-05\/contact\/","astra-sites-tag":{"415":"contact"},"site-pages-type":"free","site-pages-page-builder":"brizy","site-pages-category":[],"site-pages-parent-category":{"60":"business","61":"free"},"required-plugins":[{"slug":"brizy","init":"brizy\/brizy.php","name":"Brizy"},{"slug":"wpforms-lite","init":"wpforms-lite\/wpforms.php","name":"WPForms Lite"}]}},"related-bb-template":"","related-elementor-template":"","related-gutenberg-template":"","related_ecommerce_template":"","ecommerce_parent_template":""},"id-19958":{"title":"Photography Portfolio","id":19958,"publish-date":1545208405,"featured-image-url":"https:\/\/websitedemos.net\/wp-content\/uploads\/2018\/12\/photographer-portfolio-feb-20-home.jpg","thumbnail-image-url":"https:\/\/websitedemos.net\/wp-content\/uploads\/2018\/12\/photographer-portfolio-feb-20-home.jpg","fullpage-thumbnail-image-url":"https:\/\/websitedemos.net\/wp-content\/uploads\/2018\/12\/photographer-portfolio-feb-20-home.jpg","astra-site-url":"\/\/websitedemos.net\/photographer-portfolio-04","astra-site-parent-id":202,"astra-sites-tag":{"513":"camera","3416":"elementor","482":"fashion","515":"lens","510":"modelling","511":"photographer","509":"photography","444":"portfolio","1844":"premium","1022":"professional","514":"videography","512":"wedding-shoot"},"astra-sites-type":"agency-mini","astra-site-category":{"27":"business"},"astra-sites-template-category":{"2790":"beauty-fashion","2770":"personal","2773":"photography","2768":"portfolio"},"astra-site-page-builder":"elementor","categories":{"3427":"default","2485":"photography","2488":"portfolio","3429":"premium"},"required-plugins":[{"slug":"astra-addon","init":"astra-addon\/astra-addon.php","name":"Astra Pro"},{"slug":"elementor","init":"elementor\/elementor.php","name":"Elementor"},{"slug":"ultimate-elementor","init":"ultimate-elementor\/ultimate-elementor.php","name":"Ultimate Addons for Elementor"},{"slug":"wpforms-lite","init":"wpforms-lite\/wpforms.php","name":"WPForms Lite"}],"post-status":"publish","post-content":"<!-- wp:paragraph -->\n<p>The Photography Portfolio website template uses minimal design to give your images the space to shine. The template has lots of space for images, including an oversize image slider at the top. It\u2019s ideal for photographers, artists and other creatives.<\/p>\n<!-- \/wp:paragraph -->\n\n<!-- wp:paragraph -->\n<p>The design of the template is purposely kept minimal to not get in the way, yet still manages to provide all the content areas you need to engage the audience and deliver the information you want them to have.<\/p>\n<!-- \/wp:paragraph -->\n\n<!-- wp:heading -->\n<h2>Key features of the Photography Portfolio template<\/h2>\n<!-- \/wp:heading -->\n\n<!-- wp:list -->\n<ul><li>Attractive portfolio theme where images are the star<\/li><li>Minimal page design that lets images shine<\/li><li>Enough content areas to tell your story and engage<\/li><li>Fully responsive design so scales to any screen size<\/li><li>Full compatibility with leading page builders<\/li><\/ul>\n<!-- \/wp:list -->","post-excerpt":"Attractive portfolio theme where you and your images are the star of the show","pages":{"id-24050":{"title":"Home","featured-image-url":"https:\/\/websitedemos.net\/wp-content\/uploads\/2018\/12\/photographer-portfolio-feb-20-home.jpg","thumbnail-image-url":"https:\/\/websitedemos.net\/wp-content\/uploads\/2018\/12\/photographer-portfolio-feb-20-home.jpg","astra-page-api-url":"https:\/\/websitedemos.net\/photographer-portfolio-04\/wp-json\/wp\/v2\/pages\/6","dynamic-page":"no","astra-page-url":"\/\/websitedemos.net\/photographer-portfolio-04\/","astra-sites-tag":{"423":"home"},"site-pages-type":"agency-mini","site-pages-page-builder":"elementor","site-pages-category":[],"site-pages-parent-category":{"60":"business"},"required-plugins":[{"slug":"astra-addon","init":"astra-addon\/astra-addon.php","name":"Astra Pro"},{"slug":"elementor","init":"elementor\/elementor.php","name":"Elementor"},{"slug":"ultimate-elementor","init":"ultimate-elementor\/ultimate-elementor.php","name":"Ultimate Addons for Elementor"}]},"id-24047":{"title":"About","featured-image-url":"https:\/\/websitedemos.net\/wp-content\/uploads\/2019\/07\/photographer-portfolio-feb-20-about.jpg","thumbnail-image-url":"https:\/\/websitedemos.net\/wp-content\/uploads\/2019\/07\/photographer-portfolio-feb-20-about.jpg","astra-page-api-url":"https:\/\/websitedemos.net\/photographer-portfolio-04\/wp-json\/wp\/v2\/pages\/26","dynamic-page":"no","astra-page-url":"\/\/websitedemos.net\/photographer-portfolio-04\/about\/","astra-sites-tag":{"352":"about"},"site-pages-type":"agency-mini","site-pages-page-builder":"elementor","site-pages-category":[],"site-pages-parent-category":{"60":"business"},"required-plugins":[{"slug":"astra-addon","init":"astra-addon\/astra-addon.php","name":"Astra Pro"},{"slug":"elementor","init":"elementor\/elementor.php","name":"Elementor"},{"slug":"ultimate-elementor","init":"ultimate-elementor\/ultimate-elementor.php","name":"Ultimate Addons for Elementor"}]},"id-24052":{"title":"Services","featured-image-url":"https:\/\/websitedemos.net\/wp-content\/uploads\/2019\/07\/photographer-portfolio-feb-20-services.jpg","thumbnail-image-url":"https:\/\/websitedemos.net\/wp-content\/uploads\/2019\/07\/photographer-portfolio-feb-20-services.jpg","astra-page-api-url":"https:\/\/websitedemos.net\/photographer-portfolio-04\/wp-json\/wp\/v2\/pages\/27","dynamic-page":"no","astra-page-url":"\/\/websitedemos.net\/photographer-portfolio-04\/services\/","astra-sites-tag":{"425":"services"},"site-pages-type":"agency-mini","site-pages-page-builder":"elementor","site-pages-category":[],"site-pages-parent-category":{"60":"business"},"required-plugins":[{"slug":"astra-addon","init":"astra-addon\/astra-addon.php","name":"Astra Pro"},{"slug":"elementor","init":"elementor\/elementor.php","name":"Elementor"},{"slug":"ultimate-elementor","init":"ultimate-elementor\/ultimate-elementor.php","name":"Ultimate Addons for Elementor"}]},"id-24051":{"title":"Portfolio","featured-image-url":"https:\/\/websitedemos.net\/wp-content\/uploads\/2019\/07\/photographer-portfolio-feb-20-portfolio.jpg","thumbnail-image-url":"https:\/\/websitedemos.net\/wp-content\/uploads\/2019\/07\/photographer-portfolio-feb-20-portfolio.jpg","astra-page-api-url":"https:\/\/websitedemos.net\/photographer-portfolio-04\/wp-json\/wp\/v2\/pages\/28","dynamic-page":"no","astra-page-url":"\/\/websitedemos.net\/photographer-portfolio-04\/portfolio\/","astra-sites-tag":{"444":"portfolio","424":"project"},"site-pages-type":"agency-mini","site-pages-page-builder":"elementor","site-pages-category":[],"site-pages-parent-category":{"60":"business"},"required-plugins":[{"slug":"astra-addon","init":"astra-addon\/astra-addon.php","name":"Astra Pro"},{"slug":"elementor","init":"elementor\/elementor.php","name":"Elementor"},{"slug":"ultimate-elementor","init":"ultimate-elementor\/ultimate-elementor.php","name":"Ultimate Addons for Elementor"}]},"id-24049":{"title":"Contact","featured-image-url":"https:\/\/websitedemos.net\/wp-content\/uploads\/2019\/07\/photographer-portfolio-feb-20-contact.jpg","thumbnail-image-url":"https:\/\/websitedemos.net\/wp-content\/uploads\/2019\/07\/photographer-portfolio-feb-20-contact.jpg","astra-page-api-url":"https:\/\/websitedemos.net\/photographer-portfolio-04\/wp-json\/wp\/v2\/pages\/29","dynamic-page":"no","astra-page-url":"\/\/websitedemos.net\/photographer-portfolio-04\/contact\/","astra-sites-tag":{"415":"contact"},"site-pages-type":"agency-mini","site-pages-page-builder":"elementor","site-pages-category":[],"site-pages-parent-category":{"60":"business"},"required-plugins":[{"slug":"astra-addon","init":"astra-addon\/astra-addon.php","name":"Astra Pro"},{"slug":"elementor","init":"elementor\/elementor.php","name":"Elementor"},{"slug":"ultimate-elementor","init":"ultimate-elementor\/ultimate-elementor.php","name":"Ultimate Addons for Elementor"},{"slug":"wpforms-lite","init":"wpforms-lite\/wpforms.php","name":"WPForms Lite"}]}},"related-bb-template":20732,"related-elementor-template":19958,"related-gutenberg-template":"","related_ecommerce_template":"","ecommerce_parent_template":""},"id-55334":{"title":"Charity","id":55334,"publish-date":1621888356,"featured-image-url":"https:\/\/websitedemos.net\/wp-content\/uploads\/2021\/05\/communities-02-home.jpg","thumbnail-image-url":"https:\/\/websitedemos.net\/wp-content\/uploads\/2021\/05\/communities-02-home.jpg","fullpage-thumbnail-image-url":"https:\/\/websitedemos.net\/wp-content\/uploads\/2021\/05\/communities-02-home.jpg","astra-site-url":"\/\/websitedemos.net\/communities-02","astra-site-parent-id":2074,"astra-sites-tag":{"625":"charity","2126":"charity-organization","893":"church","2125":"community","2128":"community-center","1013":"donation","3416":"elementor","2124":"environmental-ngo","624":"foundation","977":"non-profit","745":"organization","2127":"social-ngo"},"astra-sites-type":"free","astra-site-category":{"39":"free","36":"other"},"astra-sites-template-category":{"2786":"charity-nonprofit","2864":"community","2872":"donation-fundraiser","2871":"ngo"},"astra-site-page-builder":"elementor","categories":{"3427":"default","3428":"free","2492":"non-profit"},"required-plugins":[{"slug":"elementor","init":"elementor\/elementor.php","name":"Elementor"},{"slug":"wpforms-lite","init":"wpforms-lite\/wpforms.php","name":"WPForms Lite"}],"post-status":"publish","post-content":"<!-- wp:paragraph -->\n<p>The Charity template starts strong with an emotive full screen image and bold headline. Scroll past and the homepage opens up with lots of whitespace, complementing colors and a range of content areas to share the story of your charity or nonprofit.<\/p>\n<!-- \/wp:paragraph -->\n\n<!-- wp:paragraph -->\n<p>Pages include a biography section, areas to share your good works, an image gallery and a donation section. All these can be fully customized to suit your particular needs. As can the equally attractive, and effective, supplementary pages.<\/p>\n<!-- \/wp:paragraph -->\n\n<!-- wp:heading {\"UAGDay\":[]} -->\n<h2 class=\"wp-block-heading\">Key features of the Charity template<\/h2>\n<!-- \/wp:heading -->\n\n<!-- wp:list -->\n<ul><!-- wp:list-item -->\n<li>Powerful opening ideal for emotive subjects<\/li>\n<!-- \/wp:list-item -->\n\n<!-- wp:list-item -->\n<li>Great use of complementing colors and fonts<\/li>\n<!-- \/wp:list-item -->\n\n<!-- wp:list-item -->\n<li>Lots of options for images and storytelling<\/li>\n<!-- \/wp:list-item -->\n\n<!-- wp:list-item -->\n<li>Donation section included within each page<\/li>\n<!-- \/wp:list-item -->\n\n<!-- wp:list-item -->\n<li>Full compatibility with leading page builders<\/li>\n<!-- \/wp:list-item --><\/ul>\n<!-- \/wp:list -->","post-excerpt":"Well-designed template perfect for charities and nonprofits to raise awareness","pages":{"id-55335":{"title":"About","featured-image-url":"https:\/\/websitedemos.net\/wp-content\/uploads\/2021\/05\/communities-02-about.jpg","thumbnail-image-url":"https:\/\/websitedemos.net\/wp-content\/uploads\/2021\/05\/communities-02-about.jpg","astra-page-api-url":"https:\/\/websitedemos.net\/communities-02\/wp-json\/wp\/v2\/pages\/15","dynamic-page":"no","astra-page-url":"\/\/websitedemos.net\/communities-02\/about\/","astra-sites-tag":{"352":"about"},"site-pages-type":"free","site-pages-page-builder":"elementor","site-pages-category":[],"site-pages-parent-category":{"61":"free","139":"other"},"required-plugins":[{"slug":"elementor","init":"elementor\/elementor.php","name":"Elementor"}]},"id-55336":{"title":"Contact","featured-image-url":"https:\/\/websitedemos.net\/wp-content\/uploads\/2021\/05\/communities-02-contact.jpg","thumbnail-image-url":"https:\/\/websitedemos.net\/wp-content\/uploads\/2021\/05\/communities-02-contact.jpg","astra-page-api-url":"https:\/\/websitedemos.net\/communities-02\/wp-json\/wp\/v2\/pages\/19","dynamic-page":"no","astra-page-url":"\/\/websitedemos.net\/communities-02\/contact\/","astra-sites-tag":{"415":"contact"},"site-pages-type":"free","site-pages-page-builder":"elementor","site-pages-category":[],"site-pages-parent-category":{"61":"free","139":"other"},"required-plugins":[{"slug":"elementor","init":"elementor\/elementor.php","name":"Elementor"},{"slug":"wpforms-lite","init":"wpforms-lite\/wpforms.php","name":"WPForms Lite"}]},"id-55337":{"title":"Home","featured-image-url":"https:\/\/websitedemos.net\/wp-content\/uploads\/2021\/05\/communities-02-home.jpg","thumbnail-image-url":"https:\/\/websitedemos.net\/wp-content\/uploads\/2021\/05\/communities-02-home.jpg","astra-page-api-url":"https:\/\/websitedemos.net\/communities-02\/wp-json\/wp\/v2\/pages\/7","dynamic-page":"no","astra-page-url":"\/\/websitedemos.net\/communities-02\/","astra-sites-tag":{"423":"home"},"site-pages-type":"free","site-pages-page-builder":"elementor","site-pages-category":[],"site-pages-parent-category":{"61":"free","139":"other"},"required-plugins":[{"slug":"elementor","init":"elementor\/elementor.php","name":"Elementor"}]},"id-55338":{"title":"What we do","featured-image-url":"https:\/\/websitedemos.net\/wp-content\/uploads\/2021\/05\/communities-02-what-we-do.jpg","thumbnail-image-url":"https:\/\/websitedemos.net\/wp-content\/uploads\/2021\/05\/communities-02-what-we-do.jpg","astra-page-api-url":"https:\/\/websitedemos.net\/communities-02\/wp-json\/wp\/v2\/pages\/17","dynamic-page":"no","astra-page-url":"\/\/websitedemos.net\/communities-02\/what-we-do\/","astra-sites-tag":{"628":"what-we-do","451":"work"},"site-pages-type":"free","site-pages-page-builder":"elementor","site-pages-category":[],"site-pages-parent-category":{"61":"free","139":"other"},"required-plugins":[{"slug":"elementor","init":"elementor\/elementor.php","name":"Elementor"}]}},"related-bb-template":"","related-elementor-template":55334,"related-gutenberg-template":55425,"related_ecommerce_template":"","ecommerce_parent_template":""},"id-19959":{"title":"Sierra Industry","id":19959,"publish-date":1545134505,"featured-image-url":"https:\/\/websitedemos.net\/wp-content\/uploads\/2019\/07\/sierra-industry-01-home.jpg","thumbnail-image-url":"https:\/\/websitedemos.net\/wp-content\/uploads\/2019\/07\/sierra-industry-01-home.jpg","fullpage-thumbnail-image-url":"https:\/\/websitedemos.net\/wp-content\/uploads\/2019\/07\/sierra-industry-01-home.jpg","astra-site-url":"\/\/websitedemos.net\/sierra-industry-01","astra-site-parent-id":203,"astra-sites-tag":{"985":"factory","492":"industry","490":"manufacturing","489":"production"},"astra-sites-type":"free","astra-site-category":{"27":"business","39":"free"},"astra-sites-template-category":[],"astra-site-page-builder":"beaver-builder","categories":{"2500":"multipurpose"},"required-plugins":[{"slug":"beaver-builder-lite-version","init":"beaver-builder-lite-version\/fl-builder.php","name":"Beaver Builder Plugin (Lite Version)"},{"slug":"ultimate-addons-for-beaver-builder-lite","init":"ultimate-addons-for-beaver-builder-lite\/bb-ultimate-addon.php","name":"Ultimate Addons for Beaver Builder - Lite"},{"slug":"wpforms-lite","init":"wpforms-lite\/wpforms.php","name":"WPForms Lite"}],"post-status":"publish","post-content":"","post-excerpt":"","pages":{"id-44099":{"title":"Home","featured-image-url":"https:\/\/websitedemos.net\/wp-content\/uploads\/2019\/07\/sierra-industry-home.jpg","thumbnail-image-url":"https:\/\/websitedemos.net\/wp-content\/uploads\/2019\/07\/sierra-industry-home.jpg","astra-page-api-url":"https:\/\/websitedemos.net\/sierra-industry-01\/wp-json\/wp\/v2\/pages\/6","dynamic-page":"no","astra-page-url":"\/\/websitedemos.net\/sierra-industry-01\/","astra-sites-tag":{"423":"home"},"site-pages-type":"free","site-pages-page-builder":"beaver-builder","site-pages-category":[],"site-pages-parent-category":{"60":"business","61":"free"},"required-plugins":[{"slug":"beaver-builder-lite-version","init":"beaver-builder-lite-version\/fl-builder.php","name":"Beaver Builder Plugin (Lite Version)"},{"slug":"ultimate-addons-for-beaver-builder-lite","init":"ultimate-addons-for-beaver-builder-lite\/bb-ultimate-addon.php","name":"Ultimate Addons for Beaver Builder - Lite"}]},"id-44097":{"title":"About","featured-image-url":"https:\/\/websitedemos.net\/wp-content\/uploads\/2019\/07\/sierra-industry-02-about.jpg","thumbnail-image-url":"https:\/\/websitedemos.net\/wp-content\/uploads\/2019\/07\/sierra-industry-02-about.jpg","astra-page-api-url":"https:\/\/websitedemos.net\/sierra-industry-01\/wp-json\/wp\/v2\/pages\/7","dynamic-page":"no","astra-page-url":"\/\/websitedemos.net\/sierra-industry-01\/about\/","astra-sites-tag":{"352":"about"},"site-pages-type":"free","site-pages-page-builder":"beaver-builder","site-pages-category":[],"site-pages-parent-category":{"60":"business","61":"free"},"required-plugins":[{"slug":"beaver-builder-lite-version","init":"beaver-builder-lite-version\/fl-builder.php","name":"Beaver Builder Plugin (Lite Version)"},{"slug":"ultimate-addons-for-beaver-builder-lite","init":"ultimate-addons-for-beaver-builder-lite\/bb-ultimate-addon.php","name":"Ultimate Addons for Beaver Builder - Lite"}]},"id-44100":{"title":"Products","featured-image-url":"https:\/\/websitedemos.net\/wp-content\/uploads\/2019\/07\/sierra-industry-02-product.jpg","thumbnail-image-url":"https:\/\/websitedemos.net\/wp-content\/uploads\/2019\/07\/sierra-industry-02-product.jpg","astra-page-api-url":"https:\/\/websitedemos.net\/sierra-industry-01\/wp-json\/wp\/v2\/pages\/8","dynamic-page":"no","astra-page-url":"\/\/websitedemos.net\/sierra-industry-01\/services\/","astra-sites-tag":{"540":"products"},"site-pages-type":"free","site-pages-page-builder":"beaver-builder","site-pages-category":[],"site-pages-parent-category":{"60":"business","61":"free"},"required-plugins":[{"slug":"beaver-builder-lite-version","init":"beaver-builder-lite-version\/fl-builder.php","name":"Beaver Builder Plugin (Lite Version)"},{"slug":"ultimate-addons-for-beaver-builder-lite","init":"ultimate-addons-for-beaver-builder-lite\/bb-ultimate-addon.php","name":"Ultimate Addons for Beaver Builder - Lite"}]},"id-44101":{"title":"Projects","featured-image-url":"https:\/\/websitedemos.net\/wp-content\/uploads\/2019\/07\/sierra-industry-feb-20-projects.jpg","thumbnail-image-url":"https:\/\/websitedemos.net\/wp-content\/uploads\/2019\/07\/sierra-industry-feb-20-projects.jpg","astra-page-api-url":"https:\/\/websitedemos.net\/sierra-industry-01\/wp-json\/wp\/v2\/pages\/9","dynamic-page":"no","astra-page-url":"\/\/websitedemos.net\/sierra-industry-01\/projects\/","astra-sites-tag":{"424":"project"},"site-pages-type":"free","site-pages-page-builder":"beaver-builder","site-pages-category":[],"site-pages-parent-category":{"60":"business","61":"free"},"required-plugins":[{"slug":"beaver-builder-lite-version","init":"beaver-builder-lite-version\/fl-builder.php","name":"Beaver Builder Plugin (Lite Version)"},{"slug":"ultimate-addons-for-beaver-builder-lite","init":"ultimate-addons-for-beaver-builder-lite\/bb-ultimate-addon.php","name":"Ultimate Addons for Beaver Builder - Lite"}]},"id-44098":{"title":"Contact","featured-image-url":"https:\/\/websitedemos.net\/wp-content\/uploads\/2019\/07\/sierra-industry-02-contact-1.jpg","thumbnail-image-url":"https:\/\/websitedemos.net\/wp-content\/uploads\/2019\/07\/sierra-industry-02-contact-1.jpg","astra-page-api-url":"https:\/\/websitedemos.net\/sierra-industry-01\/wp-json\/wp\/v2\/pages\/10","dynamic-page":"no","astra-page-url":"\/\/websitedemos.net\/sierra-industry-01\/contact\/","astra-sites-tag":{"415":"contact"},"site-pages-type":"free","site-pages-page-builder":"beaver-builder","site-pages-category":[],"site-pages-parent-category":{"60":"business","61":"free"},"required-plugins":[{"slug":"beaver-builder-lite-version","init":"beaver-builder-lite-version\/fl-builder.php","name":"Beaver Builder Plugin (Lite Version)"},{"slug":"ultimate-addons-for-beaver-builder-lite","init":"ultimate-addons-for-beaver-builder-lite\/bb-ultimate-addon.php","name":"Ultimate Addons for Beaver Builder - Lite"},{"slug":"wpforms-lite","init":"wpforms-lite\/wpforms.php","name":"WPForms Lite"}]}},"related-bb-template":"","related-elementor-template":"","related-gutenberg-template":"","related_ecommerce_template":"","ecommerce_parent_template":""},"id-48132":{"title":"Sierra Industry","id":48132,"publish-date":1603893474,"featured-image-url":"https:\/\/websitedemos.net\/wp-content\/uploads\/2020\/10\/sierra-industry-08.jpg","thumbnail-image-url":"https:\/\/websitedemos.net\/wp-content\/uploads\/2020\/10\/sierra-industry-08-600x2066.jpg","fullpage-thumbnail-image-url":"https:\/\/websitedemos.net\/wp-content\/uploads\/2020\/10\/sierra-industry-08-400x1377.jpg","astra-site-url":"\/\/websitedemos.net\/sierra-industry-08","astra-site-parent-id":1703,"astra-sites-tag":{"985":"factory","492":"industry","490":"manufacturing","489":"production"},"astra-sites-type":"free","astra-site-category":{"27":"business","39":"free"},"astra-sites-template-category":[],"astra-site-page-builder":"gutenberg","categories":{"2500":"multipurpose"},"required-plugins":[{"slug":"ultimate-addons-for-gutenberg","init":"ultimate-addons-for-gutenberg\/ultimate-addons-for-gutenberg.php","name":"Spectra"}],"post-status":"publish","post-content":"","post-excerpt":"","pages":{"id-48135":{"title":"Home","featured-image-url":"https:\/\/websitedemos.net\/wp-content\/uploads\/2020\/10\/sierra-industry-08.jpg","thumbnail-image-url":"https:\/\/websitedemos.net\/wp-content\/uploads\/2020\/10\/sierra-industry-08-600x2066.jpg","astra-page-api-url":"https:\/\/websitedemos.net\/sierra-industry-08\/wp-json\/wp\/v2\/pages\/7","dynamic-page":"no","astra-page-url":"\/\/websitedemos.net\/sierra-industry-08\/","astra-sites-tag":{"423":"home"},"site-pages-type":"free","site-pages-page-builder":"gutenberg","site-pages-category":[],"site-pages-parent-category":{"60":"business","61":"free"},"required-plugins":[{"slug":"ultimate-addons-for-gutenberg","init":"ultimate-addons-for-gutenberg\/ultimate-addons-for-gutenberg.php","name":"Spectra"}]},"id-48133":{"title":"About","featured-image-url":"https:\/\/websitedemos.net\/wp-content\/uploads\/2020\/10\/sierra-industry-08-about-1.jpg","thumbnail-image-url":"https:\/\/websitedemos.net\/wp-content\/uploads\/2020\/10\/sierra-industry-08-about-1-600x1341.jpg","astra-page-api-url":"https:\/\/websitedemos.net\/sierra-industry-08\/wp-json\/wp\/v2\/pages\/9","dynamic-page":"no","astra-page-url":"\/\/websitedemos.net\/sierra-industry-08\/about\/","astra-sites-tag":{"352":"about"},"site-pages-type":"free","site-pages-page-builder":"gutenberg","site-pages-category":[],"site-pages-parent-category":{"60":"business","61":"free"},"required-plugins":[{"slug":"ultimate-addons-for-gutenberg","init":"ultimate-addons-for-gutenberg\/ultimate-addons-for-gutenberg.php","name":"Spectra"}]},"id-48134":{"title":"Contact","featured-image-url":"https:\/\/websitedemos.net\/wp-content\/uploads\/2020\/10\/sierra-industry-08-contact-1.jpg","thumbnail-image-url":"https:\/\/websitedemos.net\/wp-content\/uploads\/2020\/10\/sierra-industry-08-contact-1-600x1076.jpg","astra-page-api-url":"https:\/\/websitedemos.net\/sierra-industry-08\/wp-json\/wp\/v2\/pages\/12","dynamic-page":"no","astra-page-url":"\/\/websitedemos.net\/sierra-industry-08\/contact\/","astra-sites-tag":{"415":"contact"},"site-pages-type":"free","site-pages-page-builder":"gutenberg","site-pages-category":[],"site-pages-parent-category":{"60":"business","61":"free"},"required-plugins":[{"slug":"ultimate-addons-for-gutenberg","init":"ultimate-addons-for-gutenberg\/ultimate-addons-for-gutenberg.php","name":"Spectra"}]},"id-48136":{"title":"Products","featured-image-url":"https:\/\/websitedemos.net\/wp-content\/uploads\/2020\/10\/sierra-industry-08-products-1.jpg","thumbnail-image-url":"https:\/\/websitedemos.net\/wp-content\/uploads\/2020\/10\/sierra-industry-08-products-1-600x1348.jpg","astra-page-api-url":"https:\/\/websitedemos.net\/sierra-industry-08\/wp-json\/wp\/v2\/pages\/10","dynamic-page":"no","astra-page-url":"\/\/websitedemos.net\/sierra-industry-08\/products\/","astra-sites-tag":{"540":"products"},"site-pages-type":"free","site-pages-page-builder":"gutenberg","site-pages-category":[],"site-pages-parent-category":{"60":"business","61":"free"},"required-plugins":[{"slug":"ultimate-addons-for-gutenberg","init":"ultimate-addons-for-gutenberg\/ultimate-addons-for-gutenberg.php","name":"Spectra"}]},"id-48137":{"title":"Projects","featured-image-url":"https:\/\/websitedemos.net\/wp-content\/uploads\/2020\/10\/sierra-industry-08-projects-1.jpg","thumbnail-image-url":"https:\/\/websitedemos.net\/wp-content\/uploads\/2020\/10\/sierra-industry-08-projects-1-600x1322.jpg","astra-page-api-url":"https:\/\/websitedemos.net\/sierra-industry-08\/wp-json\/wp\/v2\/pages\/11","dynamic-page":"no","astra-page-url":"\/\/websitedemos.net\/sierra-industry-08\/projects\/","astra-sites-tag":{"1613":"projects"},"site-pages-type":"free","site-pages-page-builder":"gutenberg","site-pages-category":[],"site-pages-parent-category":{"60":"business","61":"free"},"required-plugins":[{"slug":"ultimate-addons-for-gutenberg","init":"ultimate-addons-for-gutenberg\/ultimate-addons-for-gutenberg.php","name":"Spectra"}]}},"related-bb-template":"","related-elementor-template":"","related-gutenberg-template":"","related_ecommerce_template":"","ecommerce_parent_template":""},"id-19814":{"title":"Sierra Nature","id":19814,"publish-date":1543901405,"featured-image-url":"https:\/\/websitedemos.net\/wp-content\/uploads\/2019\/07\/sierra-nature-home-screenshot.png","thumbnail-image-url":"https:\/\/websitedemos.net\/wp-content\/uploads\/2019\/07\/sierra-nature-home-screenshot.png","fullpage-thumbnail-image-url":"https:\/\/websitedemos.net\/wp-content\/uploads\/2019\/07\/sierra-nature-home-screenshot.png","astra-site-url":"\/\/websitedemos.net\/sierra-nature-02","astra-site-parent-id":110,"astra-sites-tag":{"3416":"elementor","538":"forest","537":"national-park","535":"nature","534":"nature-park","539":"sanctuary","536":"wilderness"},"astra-sites-type":"free","astra-site-category":{"27":"business","39":"free"},"astra-sites-template-category":{"2777":"business","2860":"multipurpose","2830":"nature","2831":"service","2797":"simple-minimal"},"astra-site-page-builder":"elementor","categories":{"3427":"default","3428":"free","2500":"multipurpose"},"required-plugins":[{"slug":"elementor","init":"elementor\/elementor.php","name":"Elementor"},{"slug":"wpforms-lite","init":"wpforms-lite\/wpforms.php","name":"WPForms Lite"}],"post-status":"publish","post-content":"<!-- wp:paragraph -->\n<p>The Sierra Nature multipurpose template uses a high quality full screen image to make an impact. Combined with a strong header and contrast color and parallax effect, it sets the scene perfectly for the site that unfolds.<\/p>\n<!-- \/wp:paragraph -->\n\n<!-- wp:paragraph -->\n<p>The template alternates dark and light content areas with more parallax effects to create an atmosphere. Customizable content areas can help tell your story and outline products, services, good causes or anything you like. It\u2019s a very flexible multipurpose theme!<\/p>\n<!-- \/wp:paragraph -->\n\n<!-- wp:heading -->\n<h2>Key features of the Sierra Nature template<\/h2>\n<!-- \/wp:heading -->\n\n<!-- wp:list -->\n<ul><!-- wp:list-item -->\n<li>Powerful opening image with parallax effect<\/li>\n<!-- \/wp:list-item -->\n\n<!-- wp:list-item -->\n<li>Alternating dark and light areas within pages works well<\/li>\n<!-- \/wp:list-item -->\n\n<!-- wp:list-item -->\n<li>Modern fonts are engaging and easy to read<\/li>\n<!-- \/wp:list-item -->\n\n<!-- wp:list-item -->\n<li>Customizable content areas to tell your story<\/li>\n<!-- \/wp:list-item -->\n\n<!-- wp:list-item -->\n<li>Full compatibility with leading page builders<\/li>\n<!-- \/wp:list-item --><\/ul>\n<!-- \/wp:list -->","post-excerpt":"Impactful modern design with lots of modern touches for use in any business niche","pages":{"id-23008":{"title":"Home","featured-image-url":"https:\/\/websitedemos.net\/wp-content\/uploads\/2019\/07\/sierra-nature-home-screenshot.png","thumbnail-image-url":"https:\/\/websitedemos.net\/wp-content\/uploads\/2019\/07\/sierra-nature-home-screenshot.png","astra-page-api-url":"https:\/\/websitedemos.net\/sierra-nature-02\/wp-json\/wp\/v2\/pages\/6","dynamic-page":"no","astra-page-url":"\/\/websitedemos.net\/sierra-nature-02\/","astra-sites-tag":{"423":"home"},"site-pages-type":"free","site-pages-page-builder":"elementor","site-pages-category":[],"site-pages-parent-category":{"60":"business","61":"free"},"required-plugins":[{"slug":"elementor","init":"elementor\/elementor.php","name":"Elementor"}]},"id-23005":{"title":"About","featured-image-url":"https:\/\/websitedemos.net\/wp-content\/uploads\/2019\/07\/sierra-nature-about-screenshot.png","thumbnail-image-url":"https:\/\/websitedemos.net\/wp-content\/uploads\/2019\/07\/sierra-nature-about-screenshot.png","astra-page-api-url":"https:\/\/websitedemos.net\/sierra-nature-02\/wp-json\/wp\/v2\/pages\/7","dynamic-page":"no","astra-page-url":"\/\/websitedemos.net\/sierra-nature-02\/about\/","astra-sites-tag":{"352":"about"},"site-pages-type":"free","site-pages-page-builder":"elementor","site-pages-category":[],"site-pages-parent-category":{"60":"business","61":"free"},"required-plugins":[{"slug":"elementor","init":"elementor\/elementor.php","name":"Elementor"}]},"id-23010":{"title":"Services","featured-image-url":"https:\/\/websitedemos.net\/wp-content\/uploads\/2019\/07\/sierra-nature-services-screenshot.png","thumbnail-image-url":"https:\/\/websitedemos.net\/wp-content\/uploads\/2019\/07\/sierra-nature-services-screenshot.png","astra-page-api-url":"https:\/\/websitedemos.net\/sierra-nature-02\/wp-json\/wp\/v2\/pages\/8","dynamic-page":"no","astra-page-url":"\/\/websitedemos.net\/sierra-nature-02\/services\/","astra-sites-tag":{"425":"services"},"site-pages-type":"free","site-pages-page-builder":"elementor","site-pages-category":[],"site-pages-parent-category":{"60":"business","61":"free"},"required-plugins":[{"slug":"elementor","init":"elementor\/elementor.php","name":"Elementor"}]},"id-23009":{"title":"Projects","featured-image-url":"https:\/\/websitedemos.net\/wp-content\/uploads\/2019\/07\/sierra-nature-projects-screenshot.png","thumbnail-image-url":"https:\/\/websitedemos.net\/wp-content\/uploads\/2019\/07\/sierra-nature-projects-screenshot.png","astra-page-api-url":"https:\/\/websitedemos.net\/sierra-nature-02\/wp-json\/wp\/v2\/pages\/9","dynamic-page":"no","astra-page-url":"\/\/websitedemos.net\/sierra-nature-02\/projects\/","astra-sites-tag":{"424":"project"},"site-pages-type":"free","site-pages-page-builder":"elementor","site-pages-category":[],"site-pages-parent-category":{"60":"business","61":"free"},"required-plugins":[{"slug":"elementor","init":"elementor\/elementor.php","name":"Elementor"}]},"id-23007":{"title":"Contact","featured-image-url":"https:\/\/websitedemos.net\/wp-content\/uploads\/2019\/07\/sierra-nature-contact-screenshot.png","thumbnail-image-url":"https:\/\/websitedemos.net\/wp-content\/uploads\/2019\/07\/sierra-nature-contact-screenshot.png","astra-page-api-url":"https:\/\/websitedemos.net\/sierra-nature-02\/wp-json\/wp\/v2\/pages\/10","dynamic-page":"no","astra-page-url":"\/\/websitedemos.net\/sierra-nature-02\/contact\/","astra-sites-tag":{"415":"contact"},"site-pages-type":"free","site-pages-page-builder":"elementor","site-pages-category":[],"site-pages-parent-category":{"60":"business","61":"free"},"required-plugins":[{"slug":"elementor","init":"elementor\/elementor.php","name":"Elementor"},{"slug":"wpforms-lite","init":"wpforms-lite\/wpforms.php","name":"WPForms Lite"}]}},"related-bb-template":19881,"related-elementor-template":19814,"related-gutenberg-template":48103,"related_ecommerce_template":"","ecommerce_parent_template":""},"id-19881":{"title":"Sierra Nature","id":19881,"publish-date":1544174934,"featured-image-url":"https:\/\/websitedemos.net\/wp-content\/uploads\/2020\/10\/sierra-nature-08-home.jpg","thumbnail-image-url":"https:\/\/websitedemos.net\/wp-content\/uploads\/2020\/10\/sierra-nature-08-home.jpg","fullpage-thumbnail-image-url":"https:\/\/websitedemos.net\/wp-content\/uploads\/2020\/10\/sierra-nature-08-home.jpg","astra-site-url":"\/\/websitedemos.net\/sierra-nature-01","astra-site-parent-id":111,"astra-sites-tag":{"538":"forest","537":"national-park","535":"nature","534":"nature-park","539":"sanctuary","536":"wilderness"},"astra-sites-type":"free","astra-site-category":{"27":"business","39":"free"},"astra-sites-template-category":[],"astra-site-page-builder":"beaver-builder","categories":{"2500":"multipurpose"},"required-plugins":[{"slug":"beaver-builder-lite-version","init":"beaver-builder-lite-version\/fl-builder.php","name":"Beaver Builder Plugin (Lite Version)"},{"slug":"ultimate-addons-for-beaver-builder-lite","init":"ultimate-addons-for-beaver-builder-lite\/bb-ultimate-addon.php","name":"Ultimate Addons for Beaver Builder - Lite"},{"slug":"wpforms-lite","init":"wpforms-lite\/wpforms.php","name":"WPForms Lite"}],"post-status":"publish","post-content":"","post-excerpt":"","pages":{"id-23024":{"title":"Home","featured-image-url":"https:\/\/websitedemos.net\/wp-content\/uploads\/2019\/07\/id-23024-sierra-nature-home-resize.jpg","thumbnail-image-url":"https:\/\/websitedemos.net\/wp-content\/uploads\/2019\/07\/id-23024-sierra-nature-home-resize.jpg","astra-page-api-url":"https:\/\/websitedemos.net\/sierra-nature-01\/wp-json\/wp\/v2\/pages\/6","dynamic-page":"no","astra-page-url":"\/\/websitedemos.net\/sierra-nature-01\/","astra-sites-tag":{"423":"home"},"site-pages-type":"free","site-pages-page-builder":"beaver-builder","site-pages-category":[],"site-pages-parent-category":{"60":"business","61":"free"},"required-plugins":[{"slug":"beaver-builder-lite-version","init":"beaver-builder-lite-version\/fl-builder.php","name":"Beaver Builder Plugin (Lite Version)"},{"slug":"ultimate-addons-for-beaver-builder-lite","init":"ultimate-addons-for-beaver-builder-lite\/bb-ultimate-addon.php","name":"Ultimate Addons for Beaver Builder - Lite"}]},"id-23021":{"title":"About","featured-image-url":"https:\/\/websitedemos.net\/wp-content\/uploads\/2019\/07\/sierra-nature-about-screenshot.png","thumbnail-image-url":"https:\/\/websitedemos.net\/wp-content\/uploads\/2019\/07\/sierra-nature-about-screenshot.png","astra-page-api-url":"https:\/\/websitedemos.net\/sierra-nature-01\/wp-json\/wp\/v2\/pages\/7","dynamic-page":"no","astra-page-url":"\/\/websitedemos.net\/sierra-nature-01\/about\/","astra-sites-tag":{"352":"about"},"site-pages-type":"free","site-pages-page-builder":"beaver-builder","site-pages-category":[],"site-pages-parent-category":{"60":"business","61":"free"},"required-plugins":[{"slug":"beaver-builder-lite-version","init":"beaver-builder-lite-version\/fl-builder.php","name":"Beaver Builder Plugin (Lite Version)"},{"slug":"ultimate-addons-for-beaver-builder-lite","init":"ultimate-addons-for-beaver-builder-lite\/bb-ultimate-addon.php","name":"Ultimate Addons for Beaver Builder - Lite"}]},"id-23026":{"title":"Services","featured-image-url":"https:\/\/websitedemos.net\/wp-content\/uploads\/2019\/07\/sierra-nature-services-screenshot.png","thumbnail-image-url":"https:\/\/websitedemos.net\/wp-content\/uploads\/2019\/07\/sierra-nature-services-screenshot.png","astra-page-api-url":"https:\/\/websitedemos.net\/sierra-nature-01\/wp-json\/wp\/v2\/pages\/8","dynamic-page":"no","astra-page-url":"\/\/websitedemos.net\/sierra-nature-01\/services\/","astra-sites-tag":{"425":"services"},"site-pages-type":"free","site-pages-page-builder":"beaver-builder","site-pages-category":[],"site-pages-parent-category":{"60":"business","61":"free"},"required-plugins":[{"slug":"beaver-builder-lite-version","init":"beaver-builder-lite-version\/fl-builder.php","name":"Beaver Builder Plugin (Lite Version)"},{"slug":"ultimate-addons-for-beaver-builder-lite","init":"ultimate-addons-for-beaver-builder-lite\/bb-ultimate-addon.php","name":"Ultimate Addons for Beaver Builder - Lite"}]},"id-23025":{"title":"Projects","featured-image-url":"https:\/\/websitedemos.net\/wp-content\/uploads\/2020\/10\/sierra-nature-08-projects.jpg","thumbnail-image-url":"https:\/\/websitedemos.net\/wp-content\/uploads\/2020\/10\/sierra-nature-08-projects.jpg","astra-page-api-url":"https:\/\/websitedemos.net\/sierra-nature-01\/wp-json\/wp\/v2\/pages\/9","dynamic-page":"no","astra-page-url":"\/\/websitedemos.net\/sierra-nature-01\/projects\/","astra-sites-tag":{"424":"project"},"site-pages-type":"free","site-pages-page-builder":"beaver-builder","site-pages-category":[],"site-pages-parent-category":{"60":"business","61":"free"},"required-plugins":[{"slug":"beaver-builder-lite-version","init":"beaver-builder-lite-version\/fl-builder.php","name":"Beaver Builder Plugin (Lite Version)"},{"slug":"ultimate-addons-for-beaver-builder-lite","init":"ultimate-addons-for-beaver-builder-lite\/bb-ultimate-addon.php","name":"Ultimate Addons for Beaver Builder - Lite"}]},"id-23023":{"title":"Contact","featured-image-url":"https:\/\/websitedemos.net\/wp-content\/uploads\/2020\/10\/sierra-nature-08-contact.jpg","thumbnail-image-url":"https:\/\/websitedemos.net\/wp-content\/uploads\/2020\/10\/sierra-nature-08-contact.jpg","astra-page-api-url":"https:\/\/websitedemos.net\/sierra-nature-01\/wp-json\/wp\/v2\/pages\/10","dynamic-page":"no","astra-page-url":"\/\/websitedemos.net\/sierra-nature-01\/contact\/","astra-sites-tag":{"415":"contact"},"site-pages-type":"free","site-pages-page-builder":"beaver-builder","site-pages-category":[],"site-pages-parent-category":{"60":"business","61":"free"},"required-plugins":[{"slug":"beaver-builder-lite-version","init":"beaver-builder-lite-version\/fl-builder.php","name":"Beaver Builder Plugin (Lite Version)"},{"slug":"ultimate-addons-for-beaver-builder-lite","init":"ultimate-addons-for-beaver-builder-lite\/bb-ultimate-addon.php","name":"Ultimate Addons for Beaver Builder - Lite"},{"slug":"wpforms-lite","init":"wpforms-lite\/wpforms.php","name":"WPForms Lite"}]}},"related-bb-template":"","related-elementor-template":"","related-gutenberg-template":"","related_ecommerce_template":"","ecommerce_parent_template":""},"id-48103":{"title":"Sierra Nature","id":48103,"publish-date":1603893479,"featured-image-url":"https:\/\/websitedemos.net\/wp-content\/uploads\/2020\/10\/sierra-nature-08.jpg","thumbnail-image-url":"https:\/\/websitedemos.net\/wp-content\/uploads\/2020\/10\/sierra-nature-08-600x1860.jpg","fullpage-thumbnail-image-url":"https:\/\/websitedemos.net\/wp-content\/uploads\/2020\/10\/sierra-nature-08-400x1240.jpg","astra-site-url":"\/\/websitedemos.net\/sierra-nature-08","astra-site-parent-id":1701,"astra-sites-tag":{"538":"forest","537":"national-park","535":"nature","534":"nature-park","539":"sanctuary","536":"wilderness"},"astra-sites-type":"free","astra-site-category":{"27":"business","39":"free"},"astra-sites-template-category":[],"astra-site-page-builder":"gutenberg","categories":{"2500":"multipurpose"},"required-plugins":[{"slug":"ultimate-addons-for-gutenberg","init":"ultimate-addons-for-gutenberg\/ultimate-addons-for-gutenberg.php","name":"Spectra"}],"post-status":"publish","post-content":"","post-excerpt":"","pages":{"id-48104":{"title":"About","featured-image-url":"https:\/\/websitedemos.net\/wp-content\/uploads\/2020\/10\/sierra-nature-08-about-2.jpg","thumbnail-image-url":"https:\/\/websitedemos.net\/wp-content\/uploads\/2020\/10\/sierra-nature-08-about-2-600x1235.jpg","astra-page-api-url":"https:\/\/websitedemos.net\/sierra-nature-08\/wp-json\/wp\/v2\/pages\/962","dynamic-page":"no","astra-page-url":"\/\/websitedemos.net\/sierra-nature-08\/about\/","astra-sites-tag":{"352":"about"},"site-pages-type":"free","site-pages-page-builder":"gutenberg","site-pages-category":[],"site-pages-parent-category":{"60":"business","61":"free"},"required-plugins":[{"slug":"ultimate-addons-for-gutenberg","init":"ultimate-addons-for-gutenberg\/ultimate-addons-for-gutenberg.php","name":"Spectra"}]},"id-48105":{"title":"Contact","featured-image-url":"https:\/\/websitedemos.net\/wp-content\/uploads\/2020\/10\/sierra-nature-08-contact-2.jpg","thumbnail-image-url":"https:\/\/websitedemos.net\/wp-content\/uploads\/2020\/10\/sierra-nature-08-contact-2-600x930.jpg","astra-page-api-url":"https:\/\/websitedemos.net\/sierra-nature-08\/wp-json\/wp\/v2\/pages\/968","dynamic-page":"no","astra-page-url":"\/\/websitedemos.net\/sierra-nature-08\/contact\/","astra-sites-tag":{"415":"contact"},"site-pages-type":"free","site-pages-page-builder":"gutenberg","site-pages-category":[],"site-pages-parent-category":{"60":"business","61":"free"},"required-plugins":[{"slug":"ultimate-addons-for-gutenberg","init":"ultimate-addons-for-gutenberg\/ultimate-addons-for-gutenberg.php","name":"Spectra"}]},"id-48106":{"title":"Home","featured-image-url":"https:\/\/websitedemos.net\/wp-content\/uploads\/2020\/10\/sierra-nature-08.jpg","thumbnail-image-url":"https:\/\/websitedemos.net\/wp-content\/uploads\/2020\/10\/sierra-nature-08-600x1860.jpg","astra-page-api-url":"https:\/\/websitedemos.net\/sierra-nature-08\/wp-json\/wp\/v2\/pages\/960","dynamic-page":"no","astra-page-url":"\/\/websitedemos.net\/sierra-nature-08\/","astra-sites-tag":{"423":"home"},"site-pages-type":"free","site-pages-page-builder":"gutenberg","site-pages-category":[],"site-pages-parent-category":{"60":"business","61":"free"},"required-plugins":[{"slug":"ultimate-addons-for-gutenberg","init":"ultimate-addons-for-gutenberg\/ultimate-addons-for-gutenberg.php","name":"Spectra"}]},"id-48107":{"title":"Projects","featured-image-url":"https:\/\/websitedemos.net\/wp-content\/uploads\/2020\/10\/sierra-nature-08-projects-2.jpg","thumbnail-image-url":"https:\/\/websitedemos.net\/wp-content\/uploads\/2020\/10\/sierra-nature-08-projects-2-600x1203.jpg","astra-page-api-url":"https:\/\/websitedemos.net\/sierra-nature-08\/wp-json\/wp\/v2\/pages\/966","dynamic-page":"no","astra-page-url":"\/\/websitedemos.net\/sierra-nature-08\/projects\/","astra-sites-tag":{"1613":"projects"},"site-pages-type":"free","site-pages-page-builder":"gutenberg","site-pages-category":[],"site-pages-parent-category":{"60":"business","61":"free"},"required-plugins":[{"slug":"ultimate-addons-for-gutenberg","init":"ultimate-addons-for-gutenberg\/ultimate-addons-for-gutenberg.php","name":"Spectra"}]},"id-48108":{"title":"Services","featured-image-url":"https:\/\/websitedemos.net\/wp-content\/uploads\/2020\/10\/sierra-nature-08-services-2.jpg","thumbnail-image-url":"https:\/\/websitedemos.net\/wp-content\/uploads\/2020\/10\/sierra-nature-08-services-2-600x1140.jpg","astra-page-api-url":"https:\/\/websitedemos.net\/sierra-nature-08\/wp-json\/wp\/v2\/pages\/964","dynamic-page":"no","astra-page-url":"\/\/websitedemos.net\/sierra-nature-08\/services\/","astra-sites-tag":{"425":"services"},"site-pages-type":"free","site-pages-page-builder":"gutenberg","site-pages-category":[],"site-pages-parent-category":{"60":"business","61":"free"},"required-plugins":[{"slug":"ultimate-addons-for-gutenberg","init":"ultimate-addons-for-gutenberg\/ultimate-addons-for-gutenberg.php","name":"Spectra"}]}},"related-bb-template":"","related-elementor-template":"","related-gutenberg-template":"","related_ecommerce_template":"","ecommerce_parent_template":""},"id-54442":{"title":"Coffee Shop","id":54442,"publish-date":1621459375,"featured-image-url":"https:\/\/websitedemos.net\/wp-content\/uploads\/2021\/05\/coffee-shop-08-1.jpg","thumbnail-image-url":"https:\/\/websitedemos.net\/wp-content\/uploads\/2021\/05\/coffee-shop-08-1-600x2849.jpg","fullpage-thumbnail-image-url":"https:\/\/websitedemos.net\/wp-content\/uploads\/2021\/05\/coffee-shop-08-1-400x1899.jpg","astra-site-url":"\/\/websitedemos.net\/coffee-shop-08","astra-site-parent-id":2033,"astra-sites-tag":{"693":"cafe","2042":"cafe-bar","1527":"cafeteria","2043":"coffee-house","1575":"coffee-shop","399":"one-page","2421":"purchases","2417":"reseller","335":"restaurant","2041":"snack-bar"},"astra-sites-type":"free","astra-site-category":{"27":"business","39":"free"},"astra-sites-template-category":[],"astra-site-page-builder":"gutenberg","categories":{"2496":"restaurant-food"},"required-plugins":[{"slug":"ultimate-addons-for-gutenberg","init":"ultimate-addons-for-gutenberg\/ultimate-addons-for-gutenberg.php","name":"Spectra"}],"post-status":"publish","post-content":"","post-excerpt":"","pages":{"id-54443":{"title":"Home","featured-image-url":"https:\/\/websitedemos.net\/wp-content\/uploads\/2021\/05\/coffee-shop-08-1.jpg","thumbnail-image-url":"https:\/\/websitedemos.net\/wp-content\/uploads\/2021\/05\/coffee-shop-08-1-600x2849.jpg","astra-page-api-url":"https:\/\/websitedemos.net\/coffee-shop-08\/wp-json\/wp\/v2\/pages\/4","dynamic-page":"no","astra-page-url":"\/\/websitedemos.net\/coffee-shop-08\/","astra-sites-tag":{"423":"home","1718":"onepage","463":"single-page"},"site-pages-type":"free","site-pages-page-builder":"gutenberg","site-pages-category":[],"site-pages-parent-category":{"60":"business","61":"free"},"required-plugins":[{"slug":"ultimate-addons-for-gutenberg","init":"ultimate-addons-for-gutenberg\/ultimate-addons-for-gutenberg.php","name":"Spectra"}]}},"related-bb-template":"","related-elementor-template":"","related-gutenberg-template":"","related_ecommerce_template":"","ecommerce_parent_template":""},"id-19790":{"title":"Agency","id":19790,"publish-date":1543500780,"featured-image-url":"https:\/\/websitedemos.net\/wp-content\/uploads\/2019\/07\/agency-starter-site.jpg","thumbnail-image-url":"https:\/\/websitedemos.net\/wp-content\/uploads\/2019\/07\/agency-starter-site.jpg","fullpage-thumbnail-image-url":"https:\/\/websitedemos.net\/wp-content\/uploads\/2019\/07\/agency-starter-site.jpg","astra-site-url":"\/\/websitedemos.net\/agency-05","astra-site-parent-id":180,"astra-sites-tag":{"663":"agency","979":"company","664":"digital-services","812":"office","665":"service-agency","661":"website"},"astra-sites-type":"free","astra-site-category":{"27":"business","39":"free"},"astra-sites-template-category":[],"astra-site-page-builder":"brizy","categories":[],"required-plugins":[{"slug":"astra-widgets","init":"astra-widgets\/astra-widgets.php","name":"Astra Widgets"},{"slug":"brizy","init":"brizy\/brizy.php","name":"Brizy"},{"slug":"wpforms-lite","init":"wpforms-lite\/wpforms.php","name":"WPForms Lite"}],"post-status":"publish","post-content":"","post-excerpt":"","pages":{"id-23678":{"title":"Home","featured-image-url":"https:\/\/websitedemos.net\/wp-content\/uploads\/2019\/07\/agency-starter-site.jpg","thumbnail-image-url":"https:\/\/websitedemos.net\/wp-content\/uploads\/2019\/07\/agency-starter-site.jpg","astra-page-api-url":"https:\/\/websitedemos.net\/agency-05\/wp-json\/wp\/v2\/pages\/853","dynamic-page":"no","astra-page-url":"\/\/websitedemos.net\/agency-05\/","astra-sites-tag":{"423":"home"},"site-pages-type":"free","site-pages-page-builder":"brizy","site-pages-category":[],"site-pages-parent-category":{"60":"business","61":"free"},"required-plugins":[{"slug":"brizy","init":"brizy\/brizy.php","name":"Brizy"}]},"id-23676":{"title":"About","featured-image-url":"https:\/\/websitedemos.net\/wp-content\/uploads\/2019\/07\/agency-feb-20-about.jpg","thumbnail-image-url":"https:\/\/websitedemos.net\/wp-content\/uploads\/2019\/07\/agency-feb-20-about.jpg","astra-page-api-url":"https:\/\/websitedemos.net\/agency-05\/wp-json\/wp\/v2\/pages\/868","dynamic-page":"no","astra-page-url":"\/\/websitedemos.net\/agency-05\/about\/","astra-sites-tag":{"352":"about"},"site-pages-type":"free","site-pages-page-builder":"brizy","site-pages-category":[],"site-pages-parent-category":{"60":"business","61":"free"},"required-plugins":[{"slug":"brizy","init":"brizy\/brizy.php","name":"Brizy"}]},"id-23679":{"title":"Services","featured-image-url":"https:\/\/websitedemos.net\/wp-content\/uploads\/2019\/07\/agency-feb-20-services.jpg","thumbnail-image-url":"https:\/\/websitedemos.net\/wp-content\/uploads\/2019\/07\/agency-feb-20-services.jpg","astra-page-api-url":"https:\/\/websitedemos.net\/agency-05\/wp-json\/wp\/v2\/pages\/876","dynamic-page":"no","astra-page-url":"\/\/websitedemos.net\/agency-05\/services\/","astra-sites-tag":{"425":"services"},"site-pages-type":"free","site-pages-page-builder":"brizy","site-pages-category":[],"site-pages-parent-category":{"60":"business","61":"free"},"required-plugins":[{"slug":"brizy","init":"brizy\/brizy.php","name":"Brizy"}]},"id-23677":{"title":"Contact","featured-image-url":"https:\/\/websitedemos.net\/wp-content\/uploads\/2019\/07\/agency-feb-20-contact.jpg","thumbnail-image-url":"https:\/\/websitedemos.net\/wp-content\/uploads\/2019\/07\/agency-feb-20-contact.jpg","astra-page-api-url":"https:\/\/websitedemos.net\/agency-05\/wp-json\/wp\/v2\/pages\/878","dynamic-page":"no","astra-page-url":"\/\/websitedemos.net\/agency-05\/contact\/","astra-sites-tag":{"415":"contact"},"site-pages-type":"free","site-pages-page-builder":"brizy","site-pages-category":[],"site-pages-parent-category":{"60":"business","61":"free"},"required-plugins":[{"slug":"brizy","init":"brizy\/brizy.php","name":"Brizy"},{"slug":"wpforms-lite","init":"wpforms-lite\/wpforms.php","name":"WPForms Lite"}]}},"related-bb-template":"","related-elementor-template":"","related-gutenberg-template":"","related_ecommerce_template":"","ecommerce_parent_template":""},"id-19796":{"title":"Personal Fitness Trainer","id":19796,"publish-date":1543500776,"featured-image-url":"https:\/\/websitedemos.net\/wp-content\/uploads\/2018\/11\/id-19796-fitness-trainer-resize.jpg","thumbnail-image-url":"https:\/\/websitedemos.net\/wp-content\/uploads\/2018\/11\/id-19796-fitness-trainer-resize.jpg","fullpage-thumbnail-image-url":"https:\/\/websitedemos.net\/wp-content\/uploads\/2018\/11\/id-19796-fitness-trainer-resize.jpg","astra-site-url":"\/\/websitedemos.net\/fitness-trainer-05","astra-site-parent-id":174,"astra-sites-tag":{"502":"exercise","499":"fitness","505":"fitness-trainer","506":"functional-training","500":"gym","976":"gym-instructor","504":"gym-trainer","399":"one-page","463":"single-page","503":"trainer","501":"work-out"},"astra-sites-type":"free","astra-site-category":{"27":"business","39":"free"},"astra-sites-template-category":[],"astra-site-page-builder":"brizy","categories":[],"required-plugins":[{"slug":"brizy","init":"brizy\/brizy.php","name":"Brizy"},{"slug":"wpforms-lite","init":"wpforms-lite\/wpforms.php","name":"WPForms Lite"}],"post-status":"publish","post-content":"","post-excerpt":"","pages":{"id-23635":{"title":"Home","featured-image-url":"https:\/\/websitedemos.net\/wp-content\/uploads\/2019\/07\/id-23635-fitness-trainer-home-resize.jpg","thumbnail-image-url":"https:\/\/websitedemos.net\/wp-content\/uploads\/2019\/07\/id-23635-fitness-trainer-home-resize.jpg","astra-page-api-url":"https:\/\/websitedemos.net\/fitness-trainer-05\/wp-json\/wp\/v2\/pages\/149","dynamic-page":"no","astra-page-url":"\/\/websitedemos.net\/fitness-trainer-05\/","astra-sites-tag":{"423":"home"},"site-pages-type":"free","site-pages-page-builder":"brizy","site-pages-category":[],"site-pages-parent-category":{"60":"business","61":"free"},"required-plugins":[{"slug":"brizy","init":"brizy\/brizy.php","name":"Brizy"},{"slug":"wpforms-lite","init":"wpforms-lite\/wpforms.php","name":"WPForms Lite"}]}},"related-bb-template":"","related-elementor-template":"","related-gutenberg-template":"","related_ecommerce_template":"","ecommerce_parent_template":""},"id-19798":{"title":"Electrician","id":19798,"publish-date":1543500776,"featured-image-url":"https:\/\/websitedemos.net\/wp-content\/uploads\/2019\/07\/electrician-05-home-01.jpg","thumbnail-image-url":"https:\/\/websitedemos.net\/wp-content\/uploads\/2019\/07\/electrician-05-home-01.jpg","fullpage-thumbnail-image-url":"https:\/\/websitedemos.net\/wp-content\/uploads\/2019\/07\/electrician-05-home-01.jpg","astra-site-url":"\/\/websitedemos.net\/electrician-05","astra-site-parent-id":245,"astra-sites-tag":{"1021":"local-business"},"astra-sites-type":"free","astra-site-category":{"27":"business","39":"free"},"astra-sites-template-category":[],"astra-site-page-builder":"brizy","categories":[],"required-plugins":[{"slug":"brizy","init":"brizy\/brizy.php","name":"Brizy"},{"slug":"wpforms-lite","init":"wpforms-lite\/wpforms.php","name":"WPForms Lite"}],"post-status":"publish","post-content":"","post-excerpt":"","pages":{"id-24609":{"title":"Home","featured-image-url":"https:\/\/websitedemos.net\/wp-content\/uploads\/2019\/07\/electrician-05-home-01.jpg","thumbnail-image-url":"https:\/\/websitedemos.net\/wp-content\/uploads\/2019\/07\/electrician-05-home-01.jpg","astra-page-api-url":"https:\/\/websitedemos.net\/electrician-05\/wp-json\/wp\/v2\/pages\/550","dynamic-page":"no","astra-page-url":"\/\/websitedemos.net\/electrician-05\/","astra-sites-tag":{"423":"home"},"site-pages-type":"free","site-pages-page-builder":"brizy","site-pages-category":[],"site-pages-parent-category":{"60":"business","61":"free"},"required-plugins":[{"slug":"brizy","init":"brizy\/brizy.php","name":"Brizy"},{"slug":"wpforms-lite","init":"wpforms-lite\/wpforms.php","name":"WPForms Lite"}]},"id-24606":{"title":"About Us","featured-image-url":"https:\/\/websitedemos.net\/wp-content\/uploads\/2019\/07\/id-24606-electrician-about-us-resize.jpg","thumbnail-image-url":"https:\/\/websitedemos.net\/wp-content\/uploads\/2019\/07\/id-24606-electrician-about-us-resize.jpg","astra-page-api-url":"https:\/\/websitedemos.net\/electrician-05\/wp-json\/wp\/v2\/pages\/558","dynamic-page":"no","astra-page-url":"\/\/websitedemos.net\/electrician-05\/about-us\/","astra-sites-tag":{"352":"about"},"site-pages-type":"free","site-pages-page-builder":"brizy","site-pages-category":[],"site-pages-parent-category":{"60":"business","61":"free"},"required-plugins":[{"slug":"brizy","init":"brizy\/brizy.php","name":"Brizy"},{"slug":"wpforms-lite","init":"wpforms-lite\/wpforms.php","name":"WPForms Lite"}]},"id-24610":{"title":"Services","featured-image-url":"https:\/\/websitedemos.net\/wp-content\/uploads\/2019\/07\/electrician-05-services-01.jpg","thumbnail-image-url":"https:\/\/websitedemos.net\/wp-content\/uploads\/2019\/07\/electrician-05-services-01.jpg","astra-page-api-url":"https:\/\/websitedemos.net\/electrician-05\/wp-json\/wp\/v2\/pages\/561","dynamic-page":"no","astra-page-url":"\/\/websitedemos.net\/electrician-05\/services\/","astra-sites-tag":{"425":"services"},"site-pages-type":"free","site-pages-page-builder":"brizy","site-pages-category":[],"site-pages-parent-category":{"60":"business","61":"free"},"required-plugins":[{"slug":"brizy","init":"brizy\/brizy.php","name":"Brizy"},{"slug":"wpforms-lite","init":"wpforms-lite\/wpforms.php","name":"WPForms Lite"}]},"id-24608":{"title":"FAQ","featured-image-url":"https:\/\/websitedemos.net\/wp-content\/uploads\/2019\/07\/id-24608-electrician-faq-resize.jpg","thumbnail-image-url":"https:\/\/websitedemos.net\/wp-content\/uploads\/2019\/07\/id-24608-electrician-faq-resize.jpg","astra-page-api-url":"https:\/\/websitedemos.net\/electrician-05\/wp-json\/wp\/v2\/pages\/564","dynamic-page":"no","astra-page-url":"\/\/websitedemos.net\/electrician-05\/faq\/","astra-sites-tag":{"426":"faq","709":"questions"},"site-pages-type":"free","site-pages-page-builder":"brizy","site-pages-category":[],"site-pages-parent-category":{"60":"business","61":"free"},"required-plugins":[{"slug":"brizy","init":"brizy\/brizy.php","name":"Brizy"},{"slug":"wpforms-lite","init":"wpforms-lite\/wpforms.php","name":"WPForms Lite"}]},"id-24607":{"title":"Contact","featured-image-url":"https:\/\/websitedemos.net\/wp-content\/uploads\/2019\/07\/id-24607-electrician-contact-resize.jpg","thumbnail-image-url":"https:\/\/websitedemos.net\/wp-content\/uploads\/2019\/07\/id-24607-electrician-contact-resize.jpg","astra-page-api-url":"https:\/\/websitedemos.net\/electrician-05\/wp-json\/wp\/v2\/pages\/567","dynamic-page":"no","astra-page-url":"\/\/websitedemos.net\/electrician-05\/contact\/","astra-sites-tag":{"415":"contact"},"site-pages-type":"free","site-pages-page-builder":"brizy","site-pages-category":[],"site-pages-parent-category":{"60":"business","61":"free"},"required-plugins":[{"slug":"brizy","init":"brizy\/brizy.php","name":"Brizy"},{"slug":"wpforms-lite","init":"wpforms-lite\/wpforms.php","name":"WPForms Lite"}]}},"related-bb-template":"","related-elementor-template":"","related-gutenberg-template":"","related_ecommerce_template":"","ecommerce_parent_template":""}}