{"id-59249":{"title":"Security Services","id":59249,"publish-date":1669220644,"featured-image-url":"https:\/\/websitedemos.net\/wp-content\/uploads\/2022\/11\/security-services-08.jpg","thumbnail-image-url":"https:\/\/websitedemos.net\/wp-content\/uploads\/2022\/11\/security-services-08-600x2231.jpg","fullpage-thumbnail-image-url":"https:\/\/websitedemos.net\/wp-content\/uploads\/2022\/11\/security-services-08-400x1487.jpg","astra-site-url":"\/\/websitedemos.net\/security-services-08","astra-site-parent-id":2586,"astra-sites-tag":{"2508":"alarm-security","2507":"camera-security","2511":"custody-services","2510":"guard","2506":"private-security","2509":"safety","2399":"security-services","2400":"security-system"},"astra-sites-type":"free","astra-site-category":{"27":"business","39":"free"},"astra-sites-template-category":[],"astra-site-page-builder":"gutenberg","categories":[],"required-plugins":[{"slug":"ultimate-addons-for-gutenberg","init":"ultimate-addons-for-gutenberg\/ultimate-addons-for-gutenberg.php","name":"Spectra"}],"post-status":"publish","post-content":"","post-excerpt":"","pages":{"id-59250":{"title":"About","featured-image-url":"https:\/\/websitedemos.net\/wp-content\/uploads\/2022\/11\/security-services-08-about.jpg","thumbnail-image-url":"https:\/\/websitedemos.net\/wp-content\/uploads\/2022\/11\/security-services-08-about-600x1145.jpg","astra-page-api-url":"https:\/\/websitedemos.net\/security-services-08\/wp-json\/wp\/v2\/pages\/528","dynamic-page":"no","astra-page-url":"\/\/websitedemos.net\/security-services-08\/about\/","astra-sites-tag":{"352":"about"},"site-pages-type":"free","site-pages-page-builder":"gutenberg","site-pages-category":[],"site-pages-parent-category":{"60":"business","61":"free"},"required-plugins":[{"slug":"ultimate-addons-for-gutenberg","init":"ultimate-addons-for-gutenberg\/ultimate-addons-for-gutenberg.php","name":"Spectra"}]},"id-59251":{"title":"Contact","featured-image-url":"https:\/\/websitedemos.net\/wp-content\/uploads\/2022\/11\/security-services-08-contact.jpg","thumbnail-image-url":"https:\/\/websitedemos.net\/wp-content\/uploads\/2022\/11\/security-services-08-contact-600x932.jpg","astra-page-api-url":"https:\/\/websitedemos.net\/security-services-08\/wp-json\/wp\/v2\/pages\/532","dynamic-page":"no","astra-page-url":"\/\/websitedemos.net\/security-services-08\/contact\/","astra-sites-tag":{"415":"contact"},"site-pages-type":"free","site-pages-page-builder":"gutenberg","site-pages-category":[],"site-pages-parent-category":{"60":"business","61":"free"},"required-plugins":[{"slug":"ultimate-addons-for-gutenberg","init":"ultimate-addons-for-gutenberg\/ultimate-addons-for-gutenberg.php","name":"Spectra"}]},"id-59252":{"title":"Home","featured-image-url":"https:\/\/websitedemos.net\/wp-content\/uploads\/2022\/11\/security-services-08.jpg","thumbnail-image-url":"https:\/\/websitedemos.net\/wp-content\/uploads\/2022\/11\/security-services-08-600x2231.jpg","astra-page-api-url":"https:\/\/websitedemos.net\/security-services-08\/wp-json\/wp\/v2\/pages\/476","dynamic-page":"no","astra-page-url":"\/\/websitedemos.net\/security-services-08\/","astra-sites-tag":{"423":"home"},"site-pages-type":"free","site-pages-page-builder":"gutenberg","site-pages-category":[],"site-pages-parent-category":{"60":"business","61":"free"},"required-plugins":[{"slug":"ultimate-addons-for-gutenberg","init":"ultimate-addons-for-gutenberg\/ultimate-addons-for-gutenberg.php","name":"Spectra"}]},"id-59253":{"title":"Services","featured-image-url":"https:\/\/websitedemos.net\/wp-content\/uploads\/2022\/11\/security-services-08-services.jpg","thumbnail-image-url":"https:\/\/websitedemos.net\/wp-content\/uploads\/2022\/11\/security-services-08-services-600x2320.jpg","astra-page-api-url":"https:\/\/websitedemos.net\/security-services-08\/wp-json\/wp\/v2\/pages\/513","dynamic-page":"no","astra-page-url":"\/\/websitedemos.net\/security-services-08\/services\/","astra-sites-tag":{"425":"services"},"site-pages-type":"free","site-pages-page-builder":"gutenberg","site-pages-category":[],"site-pages-parent-category":{"60":"business","61":"free"},"required-plugins":[{"slug":"ultimate-addons-for-gutenberg","init":"ultimate-addons-for-gutenberg\/ultimate-addons-for-gutenberg.php","name":"Spectra"}]}},"related-bb-template":"","related-elementor-template":"","related-gutenberg-template":"","related_ecommerce_template":"","ecommerce_parent_template":""},"id-86476":{"title":"eCourse","id":86476,"publish-date":1708544712,"featured-image-url":"https:\/\/websitedemos.net\/wp-content\/uploads\/2024\/02\/teach-ecourses-07.jpg","thumbnail-image-url":"https:\/\/websitedemos.net\/wp-content\/uploads\/2024\/02\/teach-ecourses-07-600x3981.jpg","fullpage-thumbnail-image-url":"https:\/\/websitedemos.net\/wp-content\/uploads\/2024\/02\/teach-ecourses-07-400x2654.jpg","astra-site-url":"\/\/websitedemos.net\/teach-ecourse-07","astra-site-parent-id":3500,"astra-sites-tag":{"2562":"code-course","462":"courses","469":"ecourse","468":"elearning","719":"online-coaching","466":"online-courses","975":"online-learning","1844":"premium","721":"training","720":"tutorials"},"astra-sites-type":"agency-mini","astra-site-category":{"27":"business","36":"other"},"astra-sites-template-category":{"2825":"coaching","2835":"elearning","2880":"membership","2827":"online-course"},"astra-site-page-builder":"gutenberg","categories":{"2494":"elearning"},"required-plugins":[{"slug":"ultimate-addons-for-gutenberg","init":"ultimate-addons-for-gutenberg\/ultimate-addons-for-gutenberg.php","name":"Spectra"}],"post-status":"publish","post-content":"","post-excerpt":"","pages":{"id-86477":{"title":"About","featured-image-url":"https:\/\/websitedemos.net\/wp-content\/uploads\/2024\/02\/teach-ecourses-07-about.jpg","thumbnail-image-url":"https:\/\/websitedemos.net\/wp-content\/uploads\/2024\/02\/teach-ecourses-07-about-600x1723.jpg","astra-page-api-url":"https:\/\/websitedemos.net\/teach-ecourse-07\/wp-json\/wp\/v2\/pages\/1328","dynamic-page":"no","astra-page-url":"\/\/websitedemos.net\/teach-ecourse-07\/about\/","astra-sites-tag":{"352":"about"},"site-pages-type":"agency-mini","site-pages-page-builder":"gutenberg","site-pages-category":[],"site-pages-parent-category":{"60":"business","139":"other"},"required-plugins":[{"slug":"ultimate-addons-for-gutenberg","init":"ultimate-addons-for-gutenberg\/ultimate-addons-for-gutenberg.php","name":"Spectra"}]},"id-86478":{"title":"Contact","featured-image-url":"https:\/\/websitedemos.net\/wp-content\/uploads\/2024\/02\/teach-ecourses-07-contact.jpg","thumbnail-image-url":"https:\/\/websitedemos.net\/wp-content\/uploads\/2024\/02\/teach-ecourses-07-contact-600x998.jpg","astra-page-api-url":"https:\/\/websitedemos.net\/teach-ecourse-07\/wp-json\/wp\/v2\/pages\/1330","dynamic-page":"no","astra-page-url":"\/\/websitedemos.net\/teach-ecourse-07\/contact\/","astra-sites-tag":{"415":"contact"},"site-pages-type":"agency-mini","site-pages-page-builder":"gutenberg","site-pages-category":[],"site-pages-parent-category":{"60":"business","139":"other"},"required-plugins":[{"slug":"ultimate-addons-for-gutenberg","init":"ultimate-addons-for-gutenberg\/ultimate-addons-for-gutenberg.php","name":"Spectra"}]},"id-86480":{"title":"Lessons","featured-image-url":"https:\/\/websitedemos.net\/wp-content\/uploads\/2024\/02\/teach-ecourses-07-lesson.jpg","thumbnail-image-url":"https:\/\/websitedemos.net\/wp-content\/uploads\/2024\/02\/teach-ecourses-07-lesson-600x1813.jpg","astra-page-api-url":"https:\/\/websitedemos.net\/teach-ecourse-07\/wp-json\/wp\/v2\/pages\/1326","dynamic-page":"no","astra-page-url":"\/\/websitedemos.net\/teach-ecourse-07\/lessons\/","astra-sites-tag":{"747":"lessons"},"site-pages-type":"agency-mini","site-pages-page-builder":"gutenberg","site-pages-category":[],"site-pages-parent-category":{"60":"business","139":"other"},"required-plugins":[{"slug":"ultimate-addons-for-gutenberg","init":"ultimate-addons-for-gutenberg\/ultimate-addons-for-gutenberg.php","name":"Spectra"}]},"id-86479":{"title":"Home","featured-image-url":"https:\/\/websitedemos.net\/wp-content\/uploads\/2024\/02\/teach-ecourses-07.jpg","thumbnail-image-url":"https:\/\/websitedemos.net\/wp-content\/uploads\/2024\/02\/teach-ecourses-07-600x3981.jpg","astra-page-api-url":"https:\/\/websitedemos.net\/teach-ecourse-07\/wp-json\/wp\/v2\/pages\/1324","dynamic-page":"no","astra-page-url":"\/\/websitedemos.net\/teach-ecourse-07\/","astra-sites-tag":{"423":"home"},"site-pages-type":"agency-mini","site-pages-page-builder":"gutenberg","site-pages-category":[],"site-pages-parent-category":{"60":"business","139":"other"},"required-plugins":[{"slug":"ultimate-addons-for-gutenberg","init":"ultimate-addons-for-gutenberg\/ultimate-addons-for-gutenberg.php","name":"Spectra"}]}},"related-bb-template":"","related-elementor-template":"","related-gutenberg-template":"","related_ecommerce_template":"","ecommerce_parent_template":""},"id-59789":{"title":"Book Store","id":59789,"publish-date":1661251526,"featured-image-url":"https:\/\/websitedemos.net\/wp-content\/uploads\/2022\/08\/book-store-08.jpg","thumbnail-image-url":"https:\/\/websitedemos.net\/wp-content\/uploads\/2022\/08\/book-store-08-600x2546.jpg","fullpage-thumbnail-image-url":"https:\/\/websitedemos.net\/wp-content\/uploads\/2022\/08\/book-store-08-400x1697.jpg","astra-site-url":"\/\/websitedemos.net\/book-store-08","astra-site-parent-id":2657,"astra-sites-tag":{"724":"author","2355":"author-book-store","2354":"author-portfolio","2353":"book-writer","2352":"books-store","496":"ecommerce","383":"online-store","1024":"woocommerce"},"astra-sites-type":"free","astra-site-category":{"38":"ecommerce","39":"free"},"astra-sites-template-category":[],"astra-site-page-builder":"gutenberg","categories":{"2495":"ecommerce"},"required-plugins":[{"slug":"ultimate-addons-for-gutenberg","init":"ultimate-addons-for-gutenberg\/ultimate-addons-for-gutenberg.php","name":"Spectra"},{"slug":"woocommerce","init":"woocommerce\/woocommerce.php","name":"WooCommerce"}],"post-status":"publish","post-content":"","post-excerpt":"","pages":{"id-59791":{"title":"Books","featured-image-url":"https:\/\/websitedemos.net\/wp-content\/uploads\/2022\/08\/book-store-08-books.jpg","thumbnail-image-url":"https:\/\/websitedemos.net\/wp-content\/uploads\/2022\/08\/book-store-08-books-600x1400.jpg","astra-page-api-url":"https:\/\/websitedemos.net\/book-store-08\/wp-json\/wp\/v2\/pages\/10","dynamic-page":"yes","astra-page-url":"\/\/websitedemos.net\/book-store-08\/books\/","astra-sites-tag":[],"site-pages-type":"free","site-pages-page-builder":"gutenberg","site-pages-category":[],"site-pages-parent-category":{"64":"ecommerce","61":"free"},"required-plugins":[{"slug":"ultimate-addons-for-gutenberg","init":"ultimate-addons-for-gutenberg\/ultimate-addons-for-gutenberg.php","name":"Spectra"},{"slug":"woocommerce","init":"woocommerce\/woocommerce.php","name":"WooCommerce"}]},"id-59792":{"title":"Contact","featured-image-url":"https:\/\/websitedemos.net\/wp-content\/uploads\/2022\/08\/book-store-08-contact.jpg","thumbnail-image-url":"https:\/\/websitedemos.net\/wp-content\/uploads\/2022\/08\/book-store-08-contact-600x931.jpg","astra-page-api-url":"https:\/\/websitedemos.net\/book-store-08\/wp-json\/wp\/v2\/pages\/16","dynamic-page":"no","astra-page-url":"\/\/websitedemos.net\/book-store-08\/contact\/","astra-sites-tag":[],"site-pages-type":"free","site-pages-page-builder":"gutenberg","site-pages-category":[],"site-pages-parent-category":{"64":"ecommerce","61":"free"},"required-plugins":[{"slug":"ultimate-addons-for-gutenberg","init":"ultimate-addons-for-gutenberg\/ultimate-addons-for-gutenberg.php","name":"Spectra"}]},"id-59793":{"title":"Home","featured-image-url":"https:\/\/websitedemos.net\/wp-content\/uploads\/2022\/08\/book-store-08.jpg","thumbnail-image-url":"https:\/\/websitedemos.net\/wp-content\/uploads\/2022\/08\/book-store-08-600x2546.jpg","astra-page-api-url":"https:\/\/websitedemos.net\/book-store-08\/wp-json\/wp\/v2\/pages\/8","dynamic-page":"yes","astra-page-url":"\/\/websitedemos.net\/book-store-08\/","astra-sites-tag":[],"site-pages-type":"free","site-pages-page-builder":"gutenberg","site-pages-category":[],"site-pages-parent-category":{"64":"ecommerce","61":"free"},"required-plugins":[{"slug":"ultimate-addons-for-gutenberg","init":"ultimate-addons-for-gutenberg\/ultimate-addons-for-gutenberg.php","name":"Spectra"},{"slug":"woocommerce","init":"woocommerce\/woocommerce.php","name":"WooCommerce"}]},"id-59790":{"title":"About Author","featured-image-url":"https:\/\/websitedemos.net\/wp-content\/uploads\/2022\/08\/book-store-08-about-author.jpg","thumbnail-image-url":"https:\/\/websitedemos.net\/wp-content\/uploads\/2022\/08\/book-store-08-about-author-600x1597.jpg","astra-page-api-url":"https:\/\/websitedemos.net\/book-store-08\/wp-json\/wp\/v2\/pages\/12","dynamic-page":"no","astra-page-url":"\/\/websitedemos.net\/book-store-08\/about-author\/","astra-sites-tag":[],"site-pages-type":"free","site-pages-page-builder":"gutenberg","site-pages-category":[],"site-pages-parent-category":{"64":"ecommerce","61":"free"},"required-plugins":[{"slug":"ultimate-addons-for-gutenberg","init":"ultimate-addons-for-gutenberg\/ultimate-addons-for-gutenberg.php","name":"Spectra"}]}},"related-bb-template":"","related-elementor-template":"","related-gutenberg-template":"","related_ecommerce_template":75363,"ecommerce_parent_template":""},"id-86459":{"title":"Pub and Bar","id":86459,"publish-date":1708714084,"featured-image-url":"https:\/\/websitedemos.net\/wp-content\/uploads\/2024\/02\/pub-and-bar-07.jpg","thumbnail-image-url":"https:\/\/websitedemos.net\/wp-content\/uploads\/2024\/02\/pub-and-bar-07-600x3024.jpg","fullpage-thumbnail-image-url":"https:\/\/websitedemos.net\/wp-content\/uploads\/2024\/02\/pub-and-bar-07-400x2016.jpg","astra-site-url":"\/\/websitedemos.net\/pub-and-bar-07","astra-site-parent-id":3498,"astra-sites-tag":{"2009":"bar-room","2007":"barbeque-restaurant","2010":"beer-bar","1988":"beer-joint","562":"bistro","635":"brewery","1989":"cocktail-lounge","882":"drinks","350":"hotel","657":"lounge","1844":"premium","1983":"pub","2008":"pub-and-bar","335":"restaurant"},"astra-sites-type":"agency-mini","astra-site-category":{"27":"business"},"astra-sites-template-category":{"2777":"business","2769":"ecommerce","2785":"food","2776":"restaurant","2813":"winery"},"astra-site-page-builder":"gutenberg","categories":{"3430":"dark","2496":"restaurant-food"},"required-plugins":[{"slug":"ultimate-addons-for-gutenberg","init":"ultimate-addons-for-gutenberg\/ultimate-addons-for-gutenberg.php","name":"Spectra"}],"post-status":"publish","post-content":"","post-excerpt":"","pages":{"id-86465":{"title":"Store","featured-image-url":"https:\/\/websitedemos.net\/wp-content\/uploads\/2024\/02\/pub-and-bar-07-store.jpg","thumbnail-image-url":"https:\/\/websitedemos.net\/wp-content\/uploads\/2024\/02\/pub-and-bar-07-store-600x1498.jpg","astra-page-api-url":"https:\/\/websitedemos.net\/pub-and-bar-07\/wp-json\/wp\/v2\/pages\/1433","dynamic-page":"no","astra-page-url":"\/\/websitedemos.net\/pub-and-bar-07\/store\/","astra-sites-tag":{"749":"store"},"site-pages-type":"agency-mini","site-pages-page-builder":"gutenberg","site-pages-category":[],"site-pages-parent-category":{"60":"business"},"required-plugins":[{"slug":"ultimate-addons-for-gutenberg","init":"ultimate-addons-for-gutenberg\/ultimate-addons-for-gutenberg.php","name":"Spectra"}]},"id-86460":{"title":"About","featured-image-url":"https:\/\/websitedemos.net\/wp-content\/uploads\/2024\/02\/pub-and-bar-07-about-us.jpg","thumbnail-image-url":"https:\/\/websitedemos.net\/wp-content\/uploads\/2024\/02\/pub-and-bar-07-about-us-600x1763.jpg","astra-page-api-url":"https:\/\/websitedemos.net\/pub-and-bar-07\/wp-json\/wp\/v2\/pages\/1426","dynamic-page":"no","astra-page-url":"\/\/websitedemos.net\/pub-and-bar-07\/about\/","astra-sites-tag":{"352":"about"},"site-pages-type":"agency-mini","site-pages-page-builder":"gutenberg","site-pages-category":[],"site-pages-parent-category":{"60":"business"},"required-plugins":[{"slug":"ultimate-addons-for-gutenberg","init":"ultimate-addons-for-gutenberg\/ultimate-addons-for-gutenberg.php","name":"Spectra"}]},"id-86461":{"title":"Contact","featured-image-url":"https:\/\/websitedemos.net\/wp-content\/uploads\/2024\/02\/pub-and-bar-07-contact.jpg","thumbnail-image-url":"https:\/\/websitedemos.net\/wp-content\/uploads\/2024\/02\/pub-and-bar-07-contact-600x1025.jpg","astra-page-api-url":"https:\/\/websitedemos.net\/pub-and-bar-07\/wp-json\/wp\/v2\/pages\/1435","dynamic-page":"no","astra-page-url":"\/\/websitedemos.net\/pub-and-bar-07\/contact\/","astra-sites-tag":{"415":"contact"},"site-pages-type":"agency-mini","site-pages-page-builder":"gutenberg","site-pages-category":[],"site-pages-parent-category":{"60":"business"},"required-plugins":[{"slug":"ultimate-addons-for-gutenberg","init":"ultimate-addons-for-gutenberg\/ultimate-addons-for-gutenberg.php","name":"Spectra"}]},"id-86462":{"title":"Drinks","featured-image-url":"https:\/\/websitedemos.net\/wp-content\/uploads\/2024\/02\/pub-and-bar-07-drinks.jpg","thumbnail-image-url":"https:\/\/websitedemos.net\/wp-content\/uploads\/2024\/02\/pub-and-bar-07-drinks-600x2935.jpg","astra-page-api-url":"https:\/\/websitedemos.net\/pub-and-bar-07\/wp-json\/wp\/v2\/pages\/1429","dynamic-page":"no","astra-page-url":"\/\/websitedemos.net\/pub-and-bar-07\/drinks\/","astra-sites-tag":{"1965":"drink"},"site-pages-type":"agency-mini","site-pages-page-builder":"gutenberg","site-pages-category":[],"site-pages-parent-category":{"60":"business"},"required-plugins":[{"slug":"ultimate-addons-for-gutenberg","init":"ultimate-addons-for-gutenberg\/ultimate-addons-for-gutenberg.php","name":"Spectra"}]},"id-86463":{"title":"Food","featured-image-url":"https:\/\/websitedemos.net\/wp-content\/uploads\/2024\/02\/pub-and-bar-07-food.jpg","thumbnail-image-url":"https:\/\/websitedemos.net\/wp-content\/uploads\/2024\/02\/pub-and-bar-07-food-600x2910.jpg","astra-page-api-url":"https:\/\/websitedemos.net\/pub-and-bar-07\/wp-json\/wp\/v2\/pages\/1431","dynamic-page":"no","astra-page-url":"\/\/websitedemos.net\/pub-and-bar-07\/food\/","astra-sites-tag":{"336":"food"},"site-pages-type":"agency-mini","site-pages-page-builder":"gutenberg","site-pages-category":[],"site-pages-parent-category":{"60":"business"},"required-plugins":[{"slug":"ultimate-addons-for-gutenberg","init":"ultimate-addons-for-gutenberg\/ultimate-addons-for-gutenberg.php","name":"Spectra"}]},"id-86464":{"title":"Home","featured-image-url":"https:\/\/websitedemos.net\/wp-content\/uploads\/2024\/02\/pub-and-bar-07.jpg","thumbnail-image-url":"https:\/\/websitedemos.net\/wp-content\/uploads\/2024\/02\/pub-and-bar-07-600x3024.jpg","astra-page-api-url":"https:\/\/websitedemos.net\/pub-and-bar-07\/wp-json\/wp\/v2\/pages\/1423","dynamic-page":"no","astra-page-url":"\/\/websitedemos.net\/pub-and-bar-07\/","astra-sites-tag":{"423":"home"},"site-pages-type":"agency-mini","site-pages-page-builder":"gutenberg","site-pages-category":[],"site-pages-parent-category":{"60":"business"},"required-plugins":[{"slug":"ultimate-addons-for-gutenberg","init":"ultimate-addons-for-gutenberg\/ultimate-addons-for-gutenberg.php","name":"Spectra"}]}},"related-bb-template":"","related-elementor-template":"","related-gutenberg-template":"","related_ecommerce_template":"","ecommerce_parent_template":""},"id-59775":{"title":"Digital Agency","id":59775,"publish-date":1661176634,"featured-image-url":"https:\/\/websitedemos.net\/wp-content\/uploads\/2022\/08\/agency-08.jpg","thumbnail-image-url":"https:\/\/websitedemos.net\/wp-content\/uploads\/2022\/08\/agency-08-600x2216.jpg","fullpage-thumbnail-image-url":"https:\/\/websitedemos.net\/wp-content\/uploads\/2022\/08\/agency-08-400x1477.jpg","astra-site-url":"\/\/websitedemos.net\/agency-08","astra-site-parent-id":2656,"astra-sites-tag":{"663":"agency","979":"company","686":"corporate","664":"digital-services","812":"office","665":"service-agency"},"astra-sites-type":"free","astra-site-category":{"27":"business","39":"free"},"astra-sites-template-category":[],"astra-site-page-builder":"gutenberg","categories":{"2487":"agency"},"required-plugins":[{"slug":"ultimate-addons-for-gutenberg","init":"ultimate-addons-for-gutenberg\/ultimate-addons-for-gutenberg.php","name":"Spectra"}],"post-status":"publish","post-content":"","post-excerpt":"","pages":{"id-59776":{"title":"About","featured-image-url":"https:\/\/websitedemos.net\/wp-content\/uploads\/2022\/08\/agency-08-about.jpg","thumbnail-image-url":"https:\/\/websitedemos.net\/wp-content\/uploads\/2022\/08\/agency-08-about-600x1426.jpg","astra-page-api-url":"https:\/\/websitedemos.net\/agency-08\/wp-json\/wp\/v2\/pages\/1490","dynamic-page":"no","astra-page-url":"\/\/websitedemos.net\/agency-08\/about\/","astra-sites-tag":[],"site-pages-type":"free","site-pages-page-builder":"gutenberg","site-pages-category":[],"site-pages-parent-category":{"60":"business","61":"free"},"required-plugins":[{"slug":"ultimate-addons-for-gutenberg","init":"ultimate-addons-for-gutenberg\/ultimate-addons-for-gutenberg.php","name":"Spectra"}]},"id-59777":{"title":"Contact","featured-image-url":"https:\/\/websitedemos.net\/wp-content\/uploads\/2022\/08\/agency-08-contact.jpg","thumbnail-image-url":"https:\/\/websitedemos.net\/wp-content\/uploads\/2022\/08\/agency-08-contact-600x829.jpg","astra-page-api-url":"https:\/\/websitedemos.net\/agency-08\/wp-json\/wp\/v2\/pages\/1494","dynamic-page":"no","astra-page-url":"\/\/websitedemos.net\/agency-08\/contact\/","astra-sites-tag":[],"site-pages-type":"free","site-pages-page-builder":"gutenberg","site-pages-category":[],"site-pages-parent-category":{"60":"business","61":"free"},"required-plugins":[{"slug":"ultimate-addons-for-gutenberg","init":"ultimate-addons-for-gutenberg\/ultimate-addons-for-gutenberg.php","name":"Spectra"}]},"id-59778":{"title":"Home","featured-image-url":"https:\/\/websitedemos.net\/wp-content\/uploads\/2022\/08\/agency-08.jpg","thumbnail-image-url":"https:\/\/websitedemos.net\/wp-content\/uploads\/2022\/08\/agency-08-600x2216.jpg","astra-page-api-url":"https:\/\/websitedemos.net\/agency-08\/wp-json\/wp\/v2\/pages\/1488","dynamic-page":"no","astra-page-url":"\/\/websitedemos.net\/agency-08\/","astra-sites-tag":[],"site-pages-type":"free","site-pages-page-builder":"gutenberg","site-pages-category":[],"site-pages-parent-category":{"60":"business","61":"free"},"required-plugins":[{"slug":"ultimate-addons-for-gutenberg","init":"ultimate-addons-for-gutenberg\/ultimate-addons-for-gutenberg.php","name":"Spectra"}]},"id-59779":{"title":"Services","featured-image-url":"https:\/\/websitedemos.net\/wp-content\/uploads\/2022\/08\/agency-08-services.jpg","thumbnail-image-url":"https:\/\/websitedemos.net\/wp-content\/uploads\/2022\/08\/agency-08-services-600x1322.jpg","astra-page-api-url":"https:\/\/websitedemos.net\/agency-08\/wp-json\/wp\/v2\/pages\/1492","dynamic-page":"no","astra-page-url":"\/\/websitedemos.net\/agency-08\/services\/","astra-sites-tag":[],"site-pages-type":"free","site-pages-page-builder":"gutenberg","site-pages-category":[],"site-pages-parent-category":{"60":"business","61":"free"},"required-plugins":[{"slug":"ultimate-addons-for-gutenberg","init":"ultimate-addons-for-gutenberg\/ultimate-addons-for-gutenberg.php","name":"Spectra"}]}},"related-bb-template":"","related-elementor-template":"","related-gutenberg-template":"","related_ecommerce_template":"","ecommerce_parent_template":""},"id-86435":{"title":"Psychiatrist","id":86435,"publish-date":1707844169,"featured-image-url":"https:\/\/websitedemos.net\/wp-content\/uploads\/2024\/02\/psychiatrist-07.jpg","thumbnail-image-url":"https:\/\/websitedemos.net\/wp-content\/uploads\/2024\/02\/psychiatrist-07-600x2996.jpg","fullpage-thumbnail-image-url":"https:\/\/websitedemos.net\/wp-content\/uploads\/2024\/02\/psychiatrist-07-400x1997.jpg","astra-site-url":"\/\/websitedemos.net\/psychiatrist-07","astra-site-parent-id":3497,"astra-sites-tag":{"608":"guidance","399":"one-page","1020":"personal","621":"psychiatrist","622":"psychotherapy","463":"single-page","619":"wellness"},"astra-sites-type":"agency-mini","astra-site-category":{"27":"business"},"astra-sites-template-category":{"2867":"doctor","2834":"healthcare","2770":"personal","2831":"service","2833":"therapy-psychologist"},"astra-site-page-builder":"gutenberg","categories":{"2490":"healthcare"},"required-plugins":[{"slug":"astra-addon","init":"astra-addon\/astra-addon.php","name":"Astra Pro"},{"slug":"ultimate-addons-for-gutenberg","init":"ultimate-addons-for-gutenberg\/ultimate-addons-for-gutenberg.php","name":"Spectra"}],"post-status":"publish","post-content":"","post-excerpt":"","pages":{"id-86436":{"title":"Home","featured-image-url":"https:\/\/websitedemos.net\/wp-content\/uploads\/2024\/02\/psychiatrist-07.jpg","thumbnail-image-url":"https:\/\/websitedemos.net\/wp-content\/uploads\/2024\/02\/psychiatrist-07-600x2996.jpg","astra-page-api-url":"https:\/\/websitedemos.net\/psychiatrist-07\/wp-json\/wp\/v2\/pages\/2","dynamic-page":"no","astra-page-url":"\/\/websitedemos.net\/psychiatrist-07\/","astra-sites-tag":{"423":"home"},"site-pages-type":"agency-mini","site-pages-page-builder":"gutenberg","site-pages-category":[],"site-pages-parent-category":{"60":"business"},"required-plugins":[{"slug":"astra-addon","init":"astra-addon\/astra-addon.php","name":"Astra Pro"},{"slug":"ultimate-addons-for-gutenberg","init":"ultimate-addons-for-gutenberg\/ultimate-addons-for-gutenberg.php","name":"Spectra"}]}},"related-bb-template":"","related-elementor-template":"","related-gutenberg-template":"","related_ecommerce_template":"","ecommerce_parent_template":""},"id-59741":{"title":"Covid 19 Prevention","id":59741,"publish-date":1703934324,"featured-image-url":"https:\/\/websitedemos.net\/wp-content\/uploads\/2022\/03\/covid-prevention-08.jpg","thumbnail-image-url":"https:\/\/websitedemos.net\/wp-content\/uploads\/2022\/03\/covid-prevention-08-600x2259.jpg","fullpage-thumbnail-image-url":"https:\/\/websitedemos.net\/wp-content\/uploads\/2022\/03\/covid-prevention-08-400x1506.jpg","astra-site-url":"\/\/websitedemos.net\/covid-prevention-08","astra-site-parent-id":2654,"astra-sites-tag":{"2556":"avoidance","2554":"covid","2555":"covid-prevention","2558":"disease-prevention","2557":"prohibition"},"astra-sites-type":"free","astra-site-category":{"27":"business","39":"free"},"astra-sites-template-category":[],"astra-site-page-builder":"gutenberg","categories":{"2490":"healthcare"},"required-plugins":[{"slug":"ultimate-addons-for-gutenberg","init":"ultimate-addons-for-gutenberg\/ultimate-addons-for-gutenberg.php","name":"Spectra"}],"post-status":"publish","post-content":"","post-excerpt":"","pages":{"id-59744":{"title":"Home","featured-image-url":"https:\/\/websitedemos.net\/wp-content\/uploads\/2022\/03\/covid-prevention-08.jpg","thumbnail-image-url":"https:\/\/websitedemos.net\/wp-content\/uploads\/2022\/03\/covid-prevention-08-600x2259.jpg","astra-page-api-url":"https:\/\/websitedemos.net\/covid-prevention-08\/wp-json\/wp\/v2\/pages\/9","dynamic-page":"no","astra-page-url":"\/\/websitedemos.net\/covid-prevention-08\/","astra-sites-tag":[],"site-pages-type":"free","site-pages-page-builder":"gutenberg","site-pages-category":[],"site-pages-parent-category":{"60":"business","61":"free"},"required-plugins":[{"slug":"ultimate-addons-for-gutenberg","init":"ultimate-addons-for-gutenberg\/ultimate-addons-for-gutenberg.php","name":"Spectra"}]},"id-59743":{"title":"Contagion","featured-image-url":"https:\/\/websitedemos.net\/wp-content\/uploads\/2022\/03\/covid-prevention-08-contagion.jpg","thumbnail-image-url":"https:\/\/websitedemos.net\/wp-content\/uploads\/2022\/03\/covid-prevention-08-contagion-600x1709.jpg","astra-page-api-url":"https:\/\/websitedemos.net\/covid-prevention-08\/wp-json\/wp\/v2\/pages\/1561","dynamic-page":"no","astra-page-url":"\/\/websitedemos.net\/covid-prevention-08\/contagion\/","astra-sites-tag":[],"site-pages-type":"free","site-pages-page-builder":"gutenberg","site-pages-category":[],"site-pages-parent-category":{"60":"business","61":"free"},"required-plugins":[{"slug":"ultimate-addons-for-gutenberg","init":"ultimate-addons-for-gutenberg\/ultimate-addons-for-gutenberg.php","name":"Spectra"}]},"id-59746":{"title":"Symptoms","featured-image-url":"https:\/\/websitedemos.net\/wp-content\/uploads\/2022\/03\/covid-prevention-08-symptoms.jpg","thumbnail-image-url":"https:\/\/websitedemos.net\/wp-content\/uploads\/2022\/03\/covid-prevention-08-symptoms-600x1656.jpg","astra-page-api-url":"https:\/\/websitedemos.net\/covid-prevention-08\/wp-json\/wp\/v2\/pages\/1562","dynamic-page":"no","astra-page-url":"\/\/websitedemos.net\/covid-prevention-08\/symptoms\/","astra-sites-tag":[],"site-pages-type":"free","site-pages-page-builder":"gutenberg","site-pages-category":[],"site-pages-parent-category":{"60":"business","61":"free"},"required-plugins":[{"slug":"ultimate-addons-for-gutenberg","init":"ultimate-addons-for-gutenberg\/ultimate-addons-for-gutenberg.php","name":"Spectra"}]},"id-59745":{"title":"Prevention","featured-image-url":"https:\/\/websitedemos.net\/wp-content\/uploads\/2022\/03\/covid-prevention-08-prevention.jpg","thumbnail-image-url":"https:\/\/websitedemos.net\/wp-content\/uploads\/2022\/03\/covid-prevention-08-prevention-600x2003.jpg","astra-page-api-url":"https:\/\/websitedemos.net\/covid-prevention-08\/wp-json\/wp\/v2\/pages\/1300","dynamic-page":"no","astra-page-url":"\/\/websitedemos.net\/covid-prevention-08\/prevention\/","astra-sites-tag":[],"site-pages-type":"free","site-pages-page-builder":"gutenberg","site-pages-category":[],"site-pages-parent-category":{"60":"business","61":"free"},"required-plugins":[{"slug":"ultimate-addons-for-gutenberg","init":"ultimate-addons-for-gutenberg\/ultimate-addons-for-gutenberg.php","name":"Spectra"}]},"id-59742":{"title":"Contact Us","featured-image-url":"https:\/\/websitedemos.net\/wp-content\/uploads\/2022\/03\/covid-prevention-08-contact-us.jpg","thumbnail-image-url":"https:\/\/websitedemos.net\/wp-content\/uploads\/2022\/03\/covid-prevention-08-contact-us-600x1120.jpg","astra-page-api-url":"https:\/\/websitedemos.net\/covid-prevention-08\/wp-json\/wp\/v2\/pages\/1563","dynamic-page":"no","astra-page-url":"\/\/websitedemos.net\/covid-prevention-08\/contact-us\/","astra-sites-tag":[],"site-pages-type":"free","site-pages-page-builder":"gutenberg","site-pages-category":[],"site-pages-parent-category":{"60":"business","61":"free"},"required-plugins":[{"slug":"ultimate-addons-for-gutenberg","init":"ultimate-addons-for-gutenberg\/ultimate-addons-for-gutenberg.php","name":"Spectra"}]}},"related-bb-template":"","related-elementor-template":"","related-gutenberg-template":"","related_ecommerce_template":"","ecommerce_parent_template":""},"id-86076":{"title":"Makeup Artist Studio","id":86076,"publish-date":1707839331,"featured-image-url":"https:\/\/websitedemos.net\/wp-content\/uploads\/2024\/02\/makeup-artist-07.jpg","thumbnail-image-url":"https:\/\/websitedemos.net\/wp-content\/uploads\/2024\/02\/makeup-artist-07-600x1877.jpg","fullpage-thumbnail-image-url":"https:\/\/websitedemos.net\/wp-content\/uploads\/2024\/02\/makeup-artist-07-400x1251.jpg","astra-site-url":"\/\/websitedemos.net\/makeup-artist-07","astra-site-parent-id":3471,"astra-sites-tag":{"579":"bridal-make-up","477":"hair-care","575":"hair-styles","1126":"make-up","1128":"make-up-artist","1127":"skin-care"},"astra-sites-type":"agency-mini","astra-site-category":{"27":"business"},"astra-sites-template-category":{"2790":"beauty-fashion","2821":"feminine-girly","2890":"makeup-cosmetic","2770":"personal","2837":"salon"},"astra-site-page-builder":"gutenberg","categories":{"2479":"beauty","3430":"dark","3434":"feminine"},"required-plugins":[{"slug":"ultimate-addons-for-gutenberg","init":"ultimate-addons-for-gutenberg\/ultimate-addons-for-gutenberg.php","name":"Spectra"}],"post-status":"publish","post-content":"","post-excerpt":"","pages":{"id-86083":{"title":"About","featured-image-url":"https:\/\/websitedemos.net\/wp-content\/uploads\/2024\/02\/makeup-artist-07-about.jpg","thumbnail-image-url":"https:\/\/websitedemos.net\/wp-content\/uploads\/2024\/02\/makeup-artist-07-about-600x1249.jpg","astra-page-api-url":"https:\/\/websitedemos.net\/makeup-artist-07\/wp-json\/wp\/v2\/pages\/711","dynamic-page":"no","astra-page-url":"\/\/websitedemos.net\/makeup-artist-07\/about\/","astra-sites-tag":{"352":"about"},"site-pages-type":"agency-mini","site-pages-page-builder":"gutenberg","site-pages-category":[],"site-pages-parent-category":{"60":"business"},"required-plugins":[{"slug":"ultimate-addons-for-gutenberg","init":"ultimate-addons-for-gutenberg\/ultimate-addons-for-gutenberg.php","name":"Spectra"}]},"id-86084":{"title":"Contact","featured-image-url":"https:\/\/websitedemos.net\/wp-content\/uploads\/2024\/02\/makeup-artist-07-contact.jpg","thumbnail-image-url":"https:\/\/websitedemos.net\/wp-content\/uploads\/2024\/02\/makeup-artist-07-contact-600x1174.jpg","astra-page-api-url":"https:\/\/websitedemos.net\/makeup-artist-07\/wp-json\/wp\/v2\/pages\/717","dynamic-page":"no","astra-page-url":"\/\/websitedemos.net\/makeup-artist-07\/contact\/","astra-sites-tag":{"415":"contact"},"site-pages-type":"agency-mini","site-pages-page-builder":"gutenberg","site-pages-category":[],"site-pages-parent-category":{"60":"business"},"required-plugins":[{"slug":"ultimate-addons-for-gutenberg","init":"ultimate-addons-for-gutenberg\/ultimate-addons-for-gutenberg.php","name":"Spectra"}]},"id-86085":{"title":"Home","featured-image-url":"https:\/\/websitedemos.net\/wp-content\/uploads\/2024\/02\/makeup-artist-07.jpg","thumbnail-image-url":"https:\/\/websitedemos.net\/wp-content\/uploads\/2024\/02\/makeup-artist-07-600x1877.jpg","astra-page-api-url":"https:\/\/websitedemos.net\/makeup-artist-07\/wp-json\/wp\/v2\/pages\/708","dynamic-page":"no","astra-page-url":"\/\/websitedemos.net\/makeup-artist-07\/","astra-sites-tag":{"423":"home"},"site-pages-type":"agency-mini","site-pages-page-builder":"gutenberg","site-pages-category":[],"site-pages-parent-category":{"60":"business"},"required-plugins":[{"slug":"ultimate-addons-for-gutenberg","init":"ultimate-addons-for-gutenberg\/ultimate-addons-for-gutenberg.php","name":"Spectra"}]},"id-86086":{"title":"Pricing","featured-image-url":"https:\/\/websitedemos.net\/wp-content\/uploads\/2024\/02\/makeup-artist-07-pricing.jpg","thumbnail-image-url":"https:\/\/websitedemos.net\/wp-content\/uploads\/2024\/02\/makeup-artist-07-pricing-600x1277.jpg","astra-page-api-url":"https:\/\/websitedemos.net\/makeup-artist-07\/wp-json\/wp\/v2\/pages\/715","dynamic-page":"no","astra-page-url":"\/\/websitedemos.net\/makeup-artist-07\/pricing\/","astra-sites-tag":{"585":"pricing"},"site-pages-type":"agency-mini","site-pages-page-builder":"gutenberg","site-pages-category":[],"site-pages-parent-category":{"60":"business"},"required-plugins":[{"slug":"ultimate-addons-for-gutenberg","init":"ultimate-addons-for-gutenberg\/ultimate-addons-for-gutenberg.php","name":"Spectra"}]},"id-86087":{"title":"Services","featured-image-url":"https:\/\/websitedemos.net\/wp-content\/uploads\/2024\/02\/makeup-artist-07-services.jpg","thumbnail-image-url":"https:\/\/websitedemos.net\/wp-content\/uploads\/2024\/02\/makeup-artist-07-services-600x1881.jpg","astra-page-api-url":"https:\/\/websitedemos.net\/makeup-artist-07\/wp-json\/wp\/v2\/pages\/713","dynamic-page":"no","astra-page-url":"\/\/websitedemos.net\/makeup-artist-07\/services\/","astra-sites-tag":{"425":"services"},"site-pages-type":"agency-mini","site-pages-page-builder":"gutenberg","site-pages-category":[],"site-pages-parent-category":{"60":"business"},"required-plugins":[{"slug":"ultimate-addons-for-gutenberg","init":"ultimate-addons-for-gutenberg\/ultimate-addons-for-gutenberg.php","name":"Spectra"}]}},"related-bb-template":"","related-elementor-template":"","related-gutenberg-template":"","related_ecommerce_template":"","ecommerce_parent_template":""},"id-59233":{"title":"Coffee House","id":59233,"publish-date":1661278258,"featured-image-url":"https:\/\/websitedemos.net\/wp-content\/uploads\/2022\/08\/coffee-house-08.jpg","thumbnail-image-url":"https:\/\/websitedemos.net\/wp-content\/uploads\/2022\/08\/coffee-house-08-600x2042.jpg","fullpage-thumbnail-image-url":"https:\/\/websitedemos.net\/wp-content\/uploads\/2022\/08\/coffee-house-08-400x1361.jpg","astra-site-url":"\/\/websitedemos.net\/coffee-house-08","astra-site-parent-id":2585,"astra-sites-tag":{"693":"cafe","2042":"cafe-bar","1527":"cafeteria","2043":"coffee-house","1575":"coffee-shop","2421":"purchases","2417":"reseller","335":"restaurant","2041":"snack-bar"},"astra-sites-type":"free","astra-site-category":{"27":"business","39":"free"},"astra-sites-template-category":[],"astra-site-page-builder":"gutenberg","categories":[],"required-plugins":[{"slug":"ultimate-addons-for-gutenberg","init":"ultimate-addons-for-gutenberg\/ultimate-addons-for-gutenberg.php","name":"Spectra"}],"post-status":"publish","post-content":"","post-excerpt":"","pages":{"id-59234":{"title":"About","featured-image-url":"https:\/\/websitedemos.net\/wp-content\/uploads\/2022\/08\/coffee-house-08-about.jpg","thumbnail-image-url":"https:\/\/websitedemos.net\/wp-content\/uploads\/2022\/08\/coffee-house-08-about-600x1733.jpg","astra-page-api-url":"https:\/\/websitedemos.net\/coffee-house-08\/wp-json\/wp\/v2\/pages\/516","dynamic-page":"no","astra-page-url":"\/\/websitedemos.net\/coffee-house-08\/about\/","astra-sites-tag":{"352":"about"},"site-pages-type":"free","site-pages-page-builder":"gutenberg","site-pages-category":[],"site-pages-parent-category":{"60":"business","61":"free"},"required-plugins":[{"slug":"ultimate-addons-for-gutenberg","init":"ultimate-addons-for-gutenberg\/ultimate-addons-for-gutenberg.php","name":"Spectra"}]},"id-59235":{"title":"Contact","featured-image-url":"https:\/\/websitedemos.net\/wp-content\/uploads\/2022\/08\/coffee-house-08-contact.jpg","thumbnail-image-url":"https:\/\/websitedemos.net\/wp-content\/uploads\/2022\/08\/coffee-house-08-contact-600x1114.jpg","astra-page-api-url":"https:\/\/websitedemos.net\/coffee-house-08\/wp-json\/wp\/v2\/pages\/520","dynamic-page":"no","astra-page-url":"\/\/websitedemos.net\/coffee-house-08\/contact\/","astra-sites-tag":{"415":"contact"},"site-pages-type":"free","site-pages-page-builder":"gutenberg","site-pages-category":[],"site-pages-parent-category":{"60":"business","61":"free"},"required-plugins":[{"slug":"ultimate-addons-for-gutenberg","init":"ultimate-addons-for-gutenberg\/ultimate-addons-for-gutenberg.php","name":"Spectra"}]},"id-59236":{"title":"Home","featured-image-url":"https:\/\/websitedemos.net\/wp-content\/uploads\/2022\/08\/coffee-house-08.jpg","thumbnail-image-url":"https:\/\/websitedemos.net\/wp-content\/uploads\/2022\/08\/coffee-house-08-600x2042.jpg","astra-page-api-url":"https:\/\/websitedemos.net\/coffee-house-08\/wp-json\/wp\/v2\/pages\/514","dynamic-page":"no","astra-page-url":"\/\/websitedemos.net\/coffee-house-08\/","astra-sites-tag":{"423":"home"},"site-pages-type":"free","site-pages-page-builder":"gutenberg","site-pages-category":[],"site-pages-parent-category":{"60":"business","61":"free"},"required-plugins":[{"slug":"ultimate-addons-for-gutenberg","init":"ultimate-addons-for-gutenberg\/ultimate-addons-for-gutenberg.php","name":"Spectra"}]},"id-59237":{"title":"Menu","featured-image-url":"https:\/\/websitedemos.net\/wp-content\/uploads\/2022\/08\/coffee-house-08-menu.jpg","thumbnail-image-url":"https:\/\/websitedemos.net\/wp-content\/uploads\/2022\/08\/coffee-house-08-menu-600x1102.jpg","astra-page-api-url":"https:\/\/websitedemos.net\/coffee-house-08\/wp-json\/wp\/v2\/pages\/518","dynamic-page":"no","astra-page-url":"\/\/websitedemos.net\/coffee-house-08\/menu\/","astra-sites-tag":{"565":"menu"},"site-pages-type":"free","site-pages-page-builder":"gutenberg","site-pages-category":[],"site-pages-parent-category":{"60":"business","61":"free"},"required-plugins":[{"slug":"ultimate-addons-for-gutenberg","init":"ultimate-addons-for-gutenberg\/ultimate-addons-for-gutenberg.php","name":"Spectra"}]}},"related-bb-template":"","related-elementor-template":"","related-gutenberg-template":"","related_ecommerce_template":"","ecommerce_parent_template":""},"id-86066":{"title":"Luxury Hotel","id":86066,"publish-date":1707829135,"featured-image-url":"https:\/\/websitedemos.net\/wp-content\/uploads\/2024\/02\/luxury-hotel-07.jpg","thumbnail-image-url":"https:\/\/websitedemos.net\/wp-content\/uploads\/2024\/02\/luxury-hotel-07-600x3201.jpg","fullpage-thumbnail-image-url":"https:\/\/websitedemos.net\/wp-content\/uploads\/2024\/02\/luxury-hotel-07-400x2134.jpg","astra-site-url":"\/\/websitedemos.net\/luxury-hotel-07","astra-site-parent-id":3470,"astra-sites-tag":{"2073":"accommodation","1534":"bnb","2078":"business-hotel","350":"hotel","2082":"luxury-hotel","2197":"luxury-residence","1844":"premium","714":"resort","430":"tourism","427":"travel"},"astra-sites-type":"agency-mini","astra-site-category":{"27":"business"},"astra-sites-template-category":{"2777":"business","2785":"food","2788":"hotel-bnb","2775":"travel-tourism"},"astra-site-page-builder":"gutenberg","categories":[],"required-plugins":[{"slug":"ultimate-addons-for-gutenberg","init":"ultimate-addons-for-gutenberg\/ultimate-addons-for-gutenberg.php","name":"Spectra"}],"post-status":"publish","post-content":"","post-excerpt":"","pages":{"id-86072":{"title":"Home","featured-image-url":"https:\/\/websitedemos.net\/wp-content\/uploads\/2024\/02\/luxury-hotel-07.jpg","thumbnail-image-url":"https:\/\/websitedemos.net\/wp-content\/uploads\/2024\/02\/luxury-hotel-07-600x3201.jpg","astra-page-api-url":"https:\/\/websitedemos.net\/luxury-hotel-07\/wp-json\/wp\/v2\/pages\/1922","dynamic-page":"no","astra-page-url":"\/\/websitedemos.net\/luxury-hotel-07\/","astra-sites-tag":{"423":"home"},"site-pages-type":"agency-mini","site-pages-page-builder":"gutenberg","site-pages-category":[],"site-pages-parent-category":{"60":"business"},"required-plugins":[{"slug":"ultimate-addons-for-gutenberg","init":"ultimate-addons-for-gutenberg\/ultimate-addons-for-gutenberg.php","name":"Spectra"}]},"id-86067":{"title":"About","featured-image-url":"https:\/\/websitedemos.net\/wp-content\/uploads\/2024\/02\/luxury-hotel-07-about.jpg","thumbnail-image-url":"https:\/\/websitedemos.net\/wp-content\/uploads\/2024\/02\/luxury-hotel-07-about-600x1628.jpg","astra-page-api-url":"https:\/\/websitedemos.net\/luxury-hotel-07\/wp-json\/wp\/v2\/pages\/1923","dynamic-page":"no","astra-page-url":"\/\/websitedemos.net\/luxury-hotel-07\/about\/","astra-sites-tag":{"352":"about"},"site-pages-type":"agency-mini","site-pages-page-builder":"gutenberg","site-pages-category":[],"site-pages-parent-category":{"60":"business"},"required-plugins":[{"slug":"ultimate-addons-for-gutenberg","init":"ultimate-addons-for-gutenberg\/ultimate-addons-for-gutenberg.php","name":"Spectra"}]},"id-86068":{"title":"Accommodation","featured-image-url":"https:\/\/websitedemos.net\/wp-content\/uploads\/2024\/02\/luxury-hotel-07-accommodation.jpg","thumbnail-image-url":"https:\/\/websitedemos.net\/wp-content\/uploads\/2024\/02\/luxury-hotel-07-accommodation-600x2132.jpg","astra-page-api-url":"https:\/\/websitedemos.net\/luxury-hotel-07\/wp-json\/wp\/v2\/pages\/1925","dynamic-page":"no","astra-page-url":"\/\/websitedemos.net\/luxury-hotel-07\/accommodation\/","astra-sites-tag":{"2073":"accommodation"},"site-pages-type":"agency-mini","site-pages-page-builder":"gutenberg","site-pages-category":[],"site-pages-parent-category":{"60":"business"},"required-plugins":[{"slug":"ultimate-addons-for-gutenberg","init":"ultimate-addons-for-gutenberg\/ultimate-addons-for-gutenberg.php","name":"Spectra"}]},"id-86069":{"title":"Contact","featured-image-url":"https:\/\/websitedemos.net\/wp-content\/uploads\/2024\/02\/luxury-hotel-07-contact-us.jpg","thumbnail-image-url":"https:\/\/websitedemos.net\/wp-content\/uploads\/2024\/02\/luxury-hotel-07-contact-us-600x1345.jpg","astra-page-api-url":"https:\/\/websitedemos.net\/luxury-hotel-07\/wp-json\/wp\/v2\/pages\/1927","dynamic-page":"no","astra-page-url":"\/\/websitedemos.net\/luxury-hotel-07\/contact\/","astra-sites-tag":{"415":"contact"},"site-pages-type":"agency-mini","site-pages-page-builder":"gutenberg","site-pages-category":[],"site-pages-parent-category":{"60":"business"},"required-plugins":[{"slug":"ultimate-addons-for-gutenberg","init":"ultimate-addons-for-gutenberg\/ultimate-addons-for-gutenberg.php","name":"Spectra"}]},"id-86070":{"title":"Dining","featured-image-url":"https:\/\/websitedemos.net\/wp-content\/uploads\/2024\/02\/luxury-hotel-07-dining.jpg","thumbnail-image-url":"https:\/\/websitedemos.net\/wp-content\/uploads\/2024\/02\/luxury-hotel-07-dining-600x2116.jpg","astra-page-api-url":"https:\/\/websitedemos.net\/luxury-hotel-07\/wp-json\/wp\/v2\/pages\/1924","dynamic-page":"no","astra-page-url":"\/\/websitedemos.net\/luxury-hotel-07\/dining\/","astra-sites-tag":{"1798":"dining"},"site-pages-type":"agency-mini","site-pages-page-builder":"gutenberg","site-pages-category":[],"site-pages-parent-category":{"60":"business"},"required-plugins":[{"slug":"ultimate-addons-for-gutenberg","init":"ultimate-addons-for-gutenberg\/ultimate-addons-for-gutenberg.php","name":"Spectra"}]},"id-86071":{"title":"Facilities &#038; Amenities","featured-image-url":"https:\/\/websitedemos.net\/wp-content\/uploads\/2024\/02\/luxury-hotel-07-facilities.jpg","thumbnail-image-url":"https:\/\/websitedemos.net\/wp-content\/uploads\/2024\/02\/luxury-hotel-07-facilities-600x2329.jpg","astra-page-api-url":"https:\/\/websitedemos.net\/luxury-hotel-07\/wp-json\/wp\/v2\/pages\/1926","dynamic-page":"no","astra-page-url":"\/\/websitedemos.net\/luxury-hotel-07\/facilities-amenities\/","astra-sites-tag":{"2315":"facilities-amenities"},"site-pages-type":"agency-mini","site-pages-page-builder":"gutenberg","site-pages-category":[],"site-pages-parent-category":{"60":"business"},"required-plugins":[{"slug":"ultimate-addons-for-gutenberg","init":"ultimate-addons-for-gutenberg\/ultimate-addons-for-gutenberg.php","name":"Spectra"}]}},"related-bb-template":"","related-elementor-template":"","related-gutenberg-template":"","related_ecommerce_template":"","ecommerce_parent_template":""},"id-59202":{"title":"Limousine Rental Agency","id":59202,"publish-date":1669231673,"featured-image-url":"https:\/\/websitedemos.net\/wp-content\/uploads\/2022\/11\/rental-agency-08.jpg","thumbnail-image-url":"https:\/\/websitedemos.net\/wp-content\/uploads\/2022\/11\/rental-agency-08-600x3360.jpg","fullpage-thumbnail-image-url":"https:\/\/websitedemos.net\/wp-content\/uploads\/2022\/11\/rental-agency-08-400x2240.jpg","astra-site-url":"\/\/websitedemos.net\/rental-agency-08","astra-site-parent-id":2582,"astra-sites-tag":{"2540":"limousine","2538":"rent-limousines","2539":"rent-services","2537":"rental-agency","2541":"sedan"},"astra-sites-type":"free","astra-site-category":{"27":"business","39":"free"},"astra-sites-template-category":[],"astra-site-page-builder":"gutenberg","categories":[],"required-plugins":[{"slug":"ultimate-addons-for-gutenberg","init":"ultimate-addons-for-gutenberg\/ultimate-addons-for-gutenberg.php","name":"Spectra"}],"post-status":"publish","post-content":"","post-excerpt":"","pages":{"id-59203":{"title":"About Us","featured-image-url":"https:\/\/websitedemos.net\/wp-content\/uploads\/2022\/11\/rental-agency-08-about-us.jpg","thumbnail-image-url":"https:\/\/websitedemos.net\/wp-content\/uploads\/2022\/11\/rental-agency-08-about-us-600x2154.jpg","astra-page-api-url":"https:\/\/websitedemos.net\/rental-agency-08\/wp-json\/wp\/v2\/pages\/578","dynamic-page":"no","astra-page-url":"\/\/websitedemos.net\/rental-agency-08\/about-us\/","astra-sites-tag":{"455":"about-us"},"site-pages-type":"free","site-pages-page-builder":"gutenberg","site-pages-category":[],"site-pages-parent-category":{"60":"business","61":"free"},"required-plugins":[{"slug":"ultimate-addons-for-gutenberg","init":"ultimate-addons-for-gutenberg\/ultimate-addons-for-gutenberg.php","name":"Spectra"}]},"id-59204":{"title":"Contact","featured-image-url":"https:\/\/websitedemos.net\/wp-content\/uploads\/2022\/11\/rental-agency-08-save.jpg","thumbnail-image-url":"https:\/\/websitedemos.net\/wp-content\/uploads\/2022\/11\/rental-agency-08-save-600x1413.jpg","astra-page-api-url":"https:\/\/websitedemos.net\/rental-agency-08\/wp-json\/wp\/v2\/pages\/584","dynamic-page":"no","astra-page-url":"\/\/websitedemos.net\/rental-agency-08\/contact\/","astra-sites-tag":{"415":"contact"},"site-pages-type":"free","site-pages-page-builder":"gutenberg","site-pages-category":[],"site-pages-parent-category":{"60":"business","61":"free"},"required-plugins":[{"slug":"ultimate-addons-for-gutenberg","init":"ultimate-addons-for-gutenberg\/ultimate-addons-for-gutenberg.php","name":"Spectra"}]},"id-59205":{"title":"Home","featured-image-url":"https:\/\/websitedemos.net\/wp-content\/uploads\/2022\/11\/rental-agency-08.jpg","thumbnail-image-url":"https:\/\/websitedemos.net\/wp-content\/uploads\/2022\/11\/rental-agency-08-600x3360.jpg","astra-page-api-url":"https:\/\/websitedemos.net\/rental-agency-08\/wp-json\/wp\/v2\/pages\/576","dynamic-page":"no","astra-page-url":"\/\/websitedemos.net\/rental-agency-08\/","astra-sites-tag":{"423":"home"},"site-pages-type":"free","site-pages-page-builder":"gutenberg","site-pages-category":[],"site-pages-parent-category":{"60":"business","61":"free"},"required-plugins":[{"slug":"ultimate-addons-for-gutenberg","init":"ultimate-addons-for-gutenberg\/ultimate-addons-for-gutenberg.php","name":"Spectra"}]},"id-59206":{"title":"Our Fleet","featured-image-url":"https:\/\/websitedemos.net\/wp-content\/uploads\/2022\/11\/rental-agency-08-our-fleet.jpg","thumbnail-image-url":"https:\/\/websitedemos.net\/wp-content\/uploads\/2022\/11\/rental-agency-08-our-fleet-600x2014.jpg","astra-page-api-url":"https:\/\/websitedemos.net\/rental-agency-08\/wp-json\/wp\/v2\/pages\/580","dynamic-page":"no","astra-page-url":"\/\/websitedemos.net\/rental-agency-08\/our-fleet\/","astra-sites-tag":{"2583":"our-fleet"},"site-pages-type":"free","site-pages-page-builder":"gutenberg","site-pages-category":[],"site-pages-parent-category":{"60":"business","61":"free"},"required-plugins":[{"slug":"ultimate-addons-for-gutenberg","init":"ultimate-addons-for-gutenberg\/ultimate-addons-for-gutenberg.php","name":"Spectra"}]},"id-59207":{"title":"Services","featured-image-url":"https:\/\/websitedemos.net\/wp-content\/uploads\/2022\/11\/rental-agency-08-services.jpg","thumbnail-image-url":"https:\/\/websitedemos.net\/wp-content\/uploads\/2022\/11\/rental-agency-08-services-600x2575.jpg","astra-page-api-url":"https:\/\/websitedemos.net\/rental-agency-08\/wp-json\/wp\/v2\/pages\/582","dynamic-page":"no","astra-page-url":"\/\/websitedemos.net\/rental-agency-08\/services\/","astra-sites-tag":{"425":"services"},"site-pages-type":"free","site-pages-page-builder":"gutenberg","site-pages-category":[],"site-pages-parent-category":{"60":"business","61":"free"},"required-plugins":[{"slug":"ultimate-addons-for-gutenberg","init":"ultimate-addons-for-gutenberg\/ultimate-addons-for-gutenberg.php","name":"Spectra"}]}},"related-bb-template":"","related-elementor-template":"","related-gutenberg-template":"","related_ecommerce_template":"","ecommerce_parent_template":""},"id-86407":{"title":"Financial Advisors","id":86407,"publish-date":1708548026,"featured-image-url":"https:\/\/websitedemos.net\/wp-content\/uploads\/2024\/02\/financial-advisor-07.jpg","thumbnail-image-url":"https:\/\/websitedemos.net\/wp-content\/uploads\/2024\/02\/financial-advisor-07-600x2178.jpg","fullpage-thumbnail-image-url":"https:\/\/websitedemos.net\/wp-content\/uploads\/2024\/02\/financial-advisor-07-400x1452.jpg","astra-site-url":"\/\/websitedemos.net\/financial-accounting-07","astra-site-parent-id":3495,"astra-sites-tag":{"447":"accountant","448":"accounting","581":"advice","449":"chartered-accountant","446":"finance","582":"financial-investment","775":"investment-banking","1844":"premium"},"astra-sites-type":"agency-mini","astra-site-category":{"27":"business"},"astra-sites-template-category":{"2823":"accounting","2777":"business","2805":"finance","2866":"insurance","2831":"service"},"astra-site-page-builder":"gutenberg","categories":{"2481":"finance-service"},"required-plugins":[{"slug":"ultimate-addons-for-gutenberg","init":"ultimate-addons-for-gutenberg\/ultimate-addons-for-gutenberg.php","name":"Spectra"}],"post-status":"publish","post-content":"","post-excerpt":"","pages":{"id-86409":{"title":"Contact Us","featured-image-url":"https:\/\/websitedemos.net\/wp-content\/uploads\/2024\/02\/financial-advisor-07-contact.jpg","thumbnail-image-url":"https:\/\/websitedemos.net\/wp-content\/uploads\/2024\/02\/financial-advisor-07-contact-600x938.jpg","astra-page-api-url":"https:\/\/websitedemos.net\/financial-accounting-07\/wp-json\/wp\/v2\/pages\/892","dynamic-page":"no","astra-page-url":"\/\/websitedemos.net\/financial-accounting-07\/contact-us\/","astra-sites-tag":{"415":"contact"},"site-pages-type":"agency-mini","site-pages-page-builder":"gutenberg","site-pages-category":[],"site-pages-parent-category":{"60":"business"},"required-plugins":[{"slug":"ultimate-addons-for-gutenberg","init":"ultimate-addons-for-gutenberg\/ultimate-addons-for-gutenberg.php","name":"Spectra"}]},"id-86410":{"title":"Home","featured-image-url":"https:\/\/websitedemos.net\/wp-content\/uploads\/2024\/02\/financial-advisor-07.jpg","thumbnail-image-url":"https:\/\/websitedemos.net\/wp-content\/uploads\/2024\/02\/financial-advisor-07-600x2178.jpg","astra-page-api-url":"https:\/\/websitedemos.net\/financial-accounting-07\/wp-json\/wp\/v2\/pages\/883","dynamic-page":"no","astra-page-url":"\/\/websitedemos.net\/financial-accounting-07\/","astra-sites-tag":{"423":"home"},"site-pages-type":"agency-mini","site-pages-page-builder":"gutenberg","site-pages-category":[],"site-pages-parent-category":{"60":"business"},"required-plugins":[{"slug":"ultimate-addons-for-gutenberg","init":"ultimate-addons-for-gutenberg\/ultimate-addons-for-gutenberg.php","name":"Spectra"}]},"id-86408":{"title":"About Us","featured-image-url":"https:\/\/websitedemos.net\/wp-content\/uploads\/2024\/02\/financial-advisor-07-about.jpg","thumbnail-image-url":"https:\/\/websitedemos.net\/wp-content\/uploads\/2024\/02\/financial-advisor-07-about-600x1686.jpg","astra-page-api-url":"https:\/\/websitedemos.net\/financial-accounting-07\/wp-json\/wp\/v2\/pages\/890","dynamic-page":"no","astra-page-url":"\/\/websitedemos.net\/financial-accounting-07\/about-us\/","astra-sites-tag":{"352":"about"},"site-pages-type":"agency-mini","site-pages-page-builder":"gutenberg","site-pages-category":[],"site-pages-parent-category":{"60":"business"},"required-plugins":[{"slug":"ultimate-addons-for-gutenberg","init":"ultimate-addons-for-gutenberg\/ultimate-addons-for-gutenberg.php","name":"Spectra"}]},"id-86411":{"title":"Industries","featured-image-url":"https:\/\/websitedemos.net\/wp-content\/uploads\/2024\/02\/financial-advisor-07-industry.jpg","thumbnail-image-url":"https:\/\/websitedemos.net\/wp-content\/uploads\/2024\/02\/financial-advisor-07-industry-600x1334.jpg","astra-page-api-url":"https:\/\/websitedemos.net\/financial-accounting-07\/wp-json\/wp\/v2\/pages\/888","dynamic-page":"no","astra-page-url":"\/\/websitedemos.net\/financial-accounting-07\/industries\/","astra-sites-tag":{"493":"industries"},"site-pages-type":"agency-mini","site-pages-page-builder":"gutenberg","site-pages-category":[],"site-pages-parent-category":{"60":"business"},"required-plugins":[{"slug":"ultimate-addons-for-gutenberg","init":"ultimate-addons-for-gutenberg\/ultimate-addons-for-gutenberg.php","name":"Spectra"}]},"id-86412":{"title":"Services","featured-image-url":"https:\/\/websitedemos.net\/wp-content\/uploads\/2024\/02\/financial-advisor-07-services.jpg","thumbnail-image-url":"https:\/\/websitedemos.net\/wp-content\/uploads\/2024\/02\/financial-advisor-07-services-600x1430.jpg","astra-page-api-url":"https:\/\/websitedemos.net\/financial-accounting-07\/wp-json\/wp\/v2\/pages\/886","dynamic-page":"no","astra-page-url":"\/\/websitedemos.net\/financial-accounting-07\/services\/","astra-sites-tag":{"425":"services"},"site-pages-type":"agency-mini","site-pages-page-builder":"gutenberg","site-pages-category":[],"site-pages-parent-category":{"60":"business"},"required-plugins":[{"slug":"ultimate-addons-for-gutenberg","init":"ultimate-addons-for-gutenberg\/ultimate-addons-for-gutenberg.php","name":"Spectra"}]}},"related-bb-template":"","related-elementor-template":"","related-gutenberg-template":"","related_ecommerce_template":"","ecommerce_parent_template":""},"id-48121":{"title":"Organic Store","id":48121,"publish-date":1603893477,"featured-image-url":"https:\/\/websitedemos.net\/wp-content\/uploads\/2020\/10\/organic-shop-08.jpg","thumbnail-image-url":"https:\/\/websitedemos.net\/wp-content\/uploads\/2020\/10\/organic-shop-08-600x2164.jpg","fullpage-thumbnail-image-url":"https:\/\/websitedemos.net\/wp-content\/uploads\/2020\/10\/organic-shop-08-400x1442.jpg","astra-site-url":"\/\/websitedemos.net\/organic-shop-08","astra-site-parent-id":1702,"astra-sites-tag":{"2418":"commerce","1017":"e-commerce","496":"ecommerce","2419":"eshopping","2424":"health-food","2425":"lite-food","369":"natural","2215":"online-marketing","2420":"online-shopping","383":"online-store","368":"organic","2423":"organic-food","967":"product-store","2417":"reseller","733":"shop","2416":"shopping","749":"store","2426":"vegetarian-food","966":"woo-commerce","1024":"woocommerce"},"astra-sites-type":"free","astra-site-category":{"38":"ecommerce","39":"free"},"astra-sites-template-category":[],"astra-site-page-builder":"gutenberg","categories":{"2495":"ecommerce"},"required-plugins":[{"slug":"checkout-plugins-stripe-woo","init":"checkout-plugins-stripe-woo\/checkout-plugins-stripe-woo.php","name":"Checkout Plugins - Stripe for WooCommerce"},{"slug":"ultimate-addons-for-gutenberg","init":"ultimate-addons-for-gutenberg\/ultimate-addons-for-gutenberg.php","name":"Spectra"},{"slug":"woocommerce","init":"woocommerce\/woocommerce.php","name":"WooCommerce"},{"slug":"woo-cart-abandonment-recovery","init":"woo-cart-abandonment-recovery\/woo-cart-abandonment-recovery.php","name":"WooCommerce Cart Abandonment Recovery"},{"slug":"variation-swatches-woo","init":"variation-swatches-woo\/variation-swatches-woo.php","name":"Variation Swatches for WooCommerce"}],"post-status":"publish","post-content":"","post-excerpt":"","pages":{"id-48124":{"title":"Home","featured-image-url":"https:\/\/websitedemos.net\/wp-content\/uploads\/2020\/10\/organic-shop-08.jpg","thumbnail-image-url":"https:\/\/websitedemos.net\/wp-content\/uploads\/2020\/10\/organic-shop-08-600x2164.jpg","astra-page-api-url":"https:\/\/websitedemos.net\/organic-shop-08\/wp-json\/wp\/v2\/pages\/3610","dynamic-page":"yes","astra-page-url":"\/\/websitedemos.net\/organic-shop-08\/","astra-sites-tag":{"814":"homepage"},"site-pages-type":"free","site-pages-page-builder":"gutenberg","site-pages-category":[],"site-pages-parent-category":{"64":"ecommerce","61":"free"},"required-plugins":[{"slug":"checkout-plugins-stripe-woo","init":"checkout-plugins-stripe-woo\/checkout-plugins-stripe-woo.php","name":"Checkout Plugins - Stripe for WooCommerce"},{"slug":"ultimate-addons-for-gutenberg","init":"ultimate-addons-for-gutenberg\/ultimate-addons-for-gutenberg.php","name":"Spectra"},{"slug":"variation-swatches-woo","init":"variation-swatches-woo\/variation-swatches-woo.php","name":"Variation Swatches for WooCommerce"},{"slug":"woocommerce","init":"woocommerce\/woocommerce.php","name":"WooCommerce"},{"slug":"woo-cart-abandonment-recovery","init":"woo-cart-abandonment-recovery\/woo-cart-abandonment-recovery.php","name":"WooCommerce Cart Abandonment Recovery"}]},"id-48122":{"title":"About","featured-image-url":"https:\/\/websitedemos.net\/wp-content\/uploads\/2020\/10\/organic-shop-08-about.jpg","thumbnail-image-url":"https:\/\/websitedemos.net\/wp-content\/uploads\/2020\/10\/organic-shop-08-about-600x1246.jpg","astra-page-api-url":"https:\/\/websitedemos.net\/organic-shop-08\/wp-json\/wp\/v2\/pages\/3612","dynamic-page":"no","astra-page-url":"\/\/websitedemos.net\/organic-shop-08\/about\/","astra-sites-tag":{"352":"about"},"site-pages-type":"free","site-pages-page-builder":"gutenberg","site-pages-category":[],"site-pages-parent-category":{"64":"ecommerce","61":"free"},"required-plugins":[{"slug":"ultimate-addons-for-gutenberg","init":"ultimate-addons-for-gutenberg\/ultimate-addons-for-gutenberg.php","name":"Spectra"}]},"id-48123":{"title":"Contact","featured-image-url":"https:\/\/websitedemos.net\/wp-content\/uploads\/2020\/10\/organic-shop-08-contact.jpg","thumbnail-image-url":"https:\/\/websitedemos.net\/wp-content\/uploads\/2020\/10\/organic-shop-08-contact-600x832.jpg","astra-page-api-url":"https:\/\/websitedemos.net\/organic-shop-08\/wp-json\/wp\/v2\/pages\/3614","dynamic-page":"no","astra-page-url":"\/\/websitedemos.net\/organic-shop-08\/contact\/","astra-sites-tag":{"415":"contact"},"site-pages-type":"free","site-pages-page-builder":"gutenberg","site-pages-category":[],"site-pages-parent-category":{"64":"ecommerce","61":"free"},"required-plugins":[{"slug":"ultimate-addons-for-gutenberg","init":"ultimate-addons-for-gutenberg\/ultimate-addons-for-gutenberg.php","name":"Spectra"}]}},"related-bb-template":"","related-elementor-template":"","related-gutenberg-template":"","related_ecommerce_template":"","ecommerce_parent_template":""},"id-86050":{"title":"Pearson College","id":86050,"publish-date":1707764565,"featured-image-url":"https:\/\/websitedemos.net\/wp-content\/uploads\/2024\/02\/education-07.jpg","thumbnail-image-url":"https:\/\/websitedemos.net\/wp-content\/uploads\/2024\/02\/education-07-600x2222.jpg","fullpage-thumbnail-image-url":"https:\/\/websitedemos.net\/wp-content\/uploads\/2024\/02\/education-07-400x1481.jpg","astra-site-url":"\/\/websitedemos.net\/education-07","astra-site-parent-id":3468,"astra-sites-tag":{"457":"college","459":"education","460":"learning","1844":"premium","456":"school","458":"university"},"astra-sites-type":"agency-mini","astra-site-category":{"27":"business"},"astra-sites-template-category":{"2825":"coaching","2840":"college-university","2772":"education"},"astra-site-page-builder":"gutenberg","categories":{"2491":"educational-institutes"},"required-plugins":[{"slug":"ultimate-addons-for-gutenberg","init":"ultimate-addons-for-gutenberg\/ultimate-addons-for-gutenberg.php","name":"Spectra"}],"post-status":"publish","post-content":"","post-excerpt":"","pages":{"id-86056":{"title":"Teachers","featured-image-url":"https:\/\/websitedemos.net\/wp-content\/uploads\/2024\/02\/education-07-teachers.jpg","thumbnail-image-url":"https:\/\/websitedemos.net\/wp-content\/uploads\/2024\/02\/education-07-teachers-600x1117.jpg","astra-page-api-url":"https:\/\/websitedemos.net\/education-07\/wp-json\/wp\/v2\/pages\/271","dynamic-page":"no","astra-page-url":"\/\/websitedemos.net\/education-07\/teachers\/","astra-sites-tag":{"464":"teacher"},"site-pages-type":"agency-mini","site-pages-page-builder":"gutenberg","site-pages-category":[],"site-pages-parent-category":{"60":"business"},"required-plugins":[{"slug":"ultimate-addons-for-gutenberg","init":"ultimate-addons-for-gutenberg\/ultimate-addons-for-gutenberg.php","name":"Spectra"}]},"id-86052":{"title":"Contact","featured-image-url":"https:\/\/websitedemos.net\/wp-content\/uploads\/2024\/02\/education-07-contact.jpg","thumbnail-image-url":"https:\/\/websitedemos.net\/wp-content\/uploads\/2024\/02\/education-07-contact-600x1022.jpg","astra-page-api-url":"https:\/\/websitedemos.net\/education-07\/wp-json\/wp\/v2\/pages\/273","dynamic-page":"no","astra-page-url":"\/\/websitedemos.net\/education-07\/contact\/","astra-sites-tag":{"415":"contact"},"site-pages-type":"agency-mini","site-pages-page-builder":"gutenberg","site-pages-category":[],"site-pages-parent-category":{"60":"business"},"required-plugins":[{"slug":"ultimate-addons-for-gutenberg","init":"ultimate-addons-for-gutenberg\/ultimate-addons-for-gutenberg.php","name":"Spectra"}]},"id-86053":{"title":"Courses","featured-image-url":"https:\/\/websitedemos.net\/wp-content\/uploads\/2024\/02\/education-07-courses.jpg","thumbnail-image-url":"https:\/\/websitedemos.net\/wp-content\/uploads\/2024\/02\/education-07-courses-600x1817.jpg","astra-page-api-url":"https:\/\/websitedemos.net\/education-07\/wp-json\/wp\/v2\/pages\/270","dynamic-page":"no","astra-page-url":"\/\/websitedemos.net\/education-07\/courses\/","astra-sites-tag":{"462":"courses"},"site-pages-type":"agency-mini","site-pages-page-builder":"gutenberg","site-pages-category":[],"site-pages-parent-category":{"60":"business"},"required-plugins":[{"slug":"ultimate-addons-for-gutenberg","init":"ultimate-addons-for-gutenberg\/ultimate-addons-for-gutenberg.php","name":"Spectra"}]},"id-86054":{"title":"Gallery","featured-image-url":"https:\/\/websitedemos.net\/wp-content\/uploads\/2024\/02\/education-07-gallery.jpg","thumbnail-image-url":"https:\/\/websitedemos.net\/wp-content\/uploads\/2024\/02\/education-07-gallery-600x1703.jpg","astra-page-api-url":"https:\/\/websitedemos.net\/education-07\/wp-json\/wp\/v2\/pages\/272","dynamic-page":"no","astra-page-url":"\/\/websitedemos.net\/education-07\/gallery\/","astra-sites-tag":{"461":"gallery"},"site-pages-type":"agency-mini","site-pages-page-builder":"gutenberg","site-pages-category":[],"site-pages-parent-category":{"60":"business"},"required-plugins":[{"slug":"ultimate-addons-for-gutenberg","init":"ultimate-addons-for-gutenberg\/ultimate-addons-for-gutenberg.php","name":"Spectra"}]},"id-86055":{"title":"Home","featured-image-url":"https:\/\/websitedemos.net\/wp-content\/uploads\/2024\/02\/education-07.jpg","thumbnail-image-url":"https:\/\/websitedemos.net\/wp-content\/uploads\/2024\/02\/education-07-600x2222.jpg","astra-page-api-url":"https:\/\/websitedemos.net\/education-07\/wp-json\/wp\/v2\/pages\/268","dynamic-page":"no","astra-page-url":"\/\/websitedemos.net\/education-07\/","astra-sites-tag":{"423":"home"},"site-pages-type":"agency-mini","site-pages-page-builder":"gutenberg","site-pages-category":[],"site-pages-parent-category":{"60":"business"},"required-plugins":[{"slug":"ultimate-addons-for-gutenberg","init":"ultimate-addons-for-gutenberg\/ultimate-addons-for-gutenberg.php","name":"Spectra"}]},"id-86051":{"title":"About","featured-image-url":"https:\/\/websitedemos.net\/wp-content\/uploads\/2024\/02\/education-07-about.jpg","thumbnail-image-url":"https:\/\/websitedemos.net\/wp-content\/uploads\/2024\/02\/education-07-about-600x1777.jpg","astra-page-api-url":"https:\/\/websitedemos.net\/education-07\/wp-json\/wp\/v2\/pages\/269","dynamic-page":"no","astra-page-url":"\/\/websitedemos.net\/education-07\/about\/","astra-sites-tag":{"352":"about"},"site-pages-type":"agency-mini","site-pages-page-builder":"gutenberg","site-pages-category":[],"site-pages-parent-category":{"60":"business"},"required-plugins":[{"slug":"ultimate-addons-for-gutenberg","init":"ultimate-addons-for-gutenberg\/ultimate-addons-for-gutenberg.php","name":"Spectra"}]}},"related-bb-template":"","related-elementor-template":"","related-gutenberg-template":"","related_ecommerce_template":"","ecommerce_parent_template":""},"id-58561":{"title":"Fashion Designer","id":58561,"publish-date":1634042866,"featured-image-url":"https:\/\/websitedemos.net\/wp-content\/uploads\/2021\/10\/fashion-designer-boutique-08.jpg","thumbnail-image-url":"https:\/\/websitedemos.net\/wp-content\/uploads\/2021\/10\/fashion-designer-boutique-08-600x2900.jpg","fullpage-thumbnail-image-url":"https:\/\/websitedemos.net\/wp-content\/uploads\/2021\/10\/fashion-designer-boutique-08-400x1933.jpg","astra-site-url":"\/\/websitedemos.net\/fashion-designer-boutique-08","astra-site-parent-id":2452,"astra-sites-tag":{"2105":"boutique","2418":"commerce","2350":"designer-cloths-store","496":"ecommerce","2419":"eshopping","2327":"fashion-designer","2349":"fashion-designer-boutique","2351":"fashion-designer-portfolio","2422":"online-market","732":"online-shop","2420":"online-shopping","383":"online-store","444":"portfolio","2421":"purchases","2417":"reseller","733":"shop","2416":"shopping","749":"store","966":"woo-commerce","1024":"woocommerce"},"astra-sites-type":"free","astra-site-category":{"38":"ecommerce","39":"free"},"astra-sites-template-category":[],"astra-site-page-builder":"gutenberg","categories":{"2495":"ecommerce"},"required-plugins":[{"slug":"checkout-plugins-stripe-woo","init":"checkout-plugins-stripe-woo\/checkout-plugins-stripe-woo.php","name":"Checkout Plugins - Stripe for WooCommerce"},{"slug":"ultimate-addons-for-gutenberg","init":"ultimate-addons-for-gutenberg\/ultimate-addons-for-gutenberg.php","name":"Spectra"},{"slug":"woocommerce","init":"woocommerce\/woocommerce.php","name":"WooCommerce"},{"slug":"variation-swatches-woo","init":"variation-swatches-woo\/variation-swatches-woo.php","name":"Variation Swatches for WooCommerce"}],"post-status":"publish","post-content":"","post-excerpt":"","pages":{"id-58562":{"title":"About","featured-image-url":"https:\/\/websitedemos.net\/wp-content\/uploads\/2021\/10\/fashion-designer-boutique-08-about-2.jpg","thumbnail-image-url":"https:\/\/websitedemos.net\/wp-content\/uploads\/2021\/10\/fashion-designer-boutique-08-about-2-600x1400.jpg","astra-page-api-url":"https:\/\/websitedemos.net\/fashion-designer-boutique-08\/wp-json\/wp\/v2\/pages\/1009","dynamic-page":"no","astra-page-url":"\/\/websitedemos.net\/fashion-designer-boutique-08\/about\/","astra-sites-tag":{"352":"about"},"site-pages-type":"free","site-pages-page-builder":"gutenberg","site-pages-category":[],"site-pages-parent-category":{"64":"ecommerce","61":"free"},"required-plugins":[{"slug":"ultimate-addons-for-gutenberg","init":"ultimate-addons-for-gutenberg\/ultimate-addons-for-gutenberg.php","name":"Spectra"}]},"id-58564":{"title":"Contact","featured-image-url":"https:\/\/websitedemos.net\/wp-content\/uploads\/2021\/10\/fashion-designer-boutique-08-contact-1.jpg","thumbnail-image-url":"https:\/\/websitedemos.net\/wp-content\/uploads\/2021\/10\/fashion-designer-boutique-08-contact-1-600x1045.jpg","astra-page-api-url":"https:\/\/websitedemos.net\/fashion-designer-boutique-08\/wp-json\/wp\/v2\/pages\/1015","dynamic-page":"no","astra-page-url":"\/\/websitedemos.net\/fashion-designer-boutique-08\/contact\/","astra-sites-tag":{"415":"contact"},"site-pages-type":"free","site-pages-page-builder":"gutenberg","site-pages-category":[],"site-pages-parent-category":{"64":"ecommerce","61":"free"},"required-plugins":[{"slug":"ultimate-addons-for-gutenberg","init":"ultimate-addons-for-gutenberg\/ultimate-addons-for-gutenberg.php","name":"Spectra"}]},"id-58563":{"title":"Collection","featured-image-url":"https:\/\/websitedemos.net\/wp-content\/uploads\/2021\/10\/fashion-designer-boutique-08-collection-1.jpg","thumbnail-image-url":"https:\/\/websitedemos.net\/wp-content\/uploads\/2021\/10\/fashion-designer-boutique-08-collection-1-600x2040.jpg","astra-page-api-url":"https:\/\/websitedemos.net\/fashion-designer-boutique-08\/wp-json\/wp\/v2\/pages\/1011","dynamic-page":"yes","astra-page-url":"\/\/websitedemos.net\/fashion-designer-boutique-08\/collection\/","astra-sites-tag":{"596":"collection","2453":"stock"},"site-pages-type":"free","site-pages-page-builder":"gutenberg","site-pages-category":[],"site-pages-parent-category":{"64":"ecommerce","61":"free"},"required-plugins":[{"slug":"checkout-plugins-stripe-woo","init":"checkout-plugins-stripe-woo\/checkout-plugins-stripe-woo.php","name":"Checkout Plugins - Stripe for WooCommerce"},{"slug":"ultimate-addons-for-gutenberg","init":"ultimate-addons-for-gutenberg\/ultimate-addons-for-gutenberg.php","name":"Spectra"},{"slug":"variation-swatches-woo","init":"variation-swatches-woo\/variation-swatches-woo.php","name":"Variation Swatches for WooCommerce"},{"slug":"woocommerce","init":"woocommerce\/woocommerce.php","name":"WooCommerce"}]},"id-58566":{"title":"New Arrivals","featured-image-url":"https:\/\/websitedemos.net\/wp-content\/uploads\/2021\/10\/fashion-designer-boutique-08-new-arrivals-1.jpg","thumbnail-image-url":"https:\/\/websitedemos.net\/wp-content\/uploads\/2021\/10\/fashion-designer-boutique-08-new-arrivals-1-600x2023.jpg","astra-page-api-url":"https:\/\/websitedemos.net\/fashion-designer-boutique-08\/wp-json\/wp\/v2\/pages\/1013","dynamic-page":"yes","astra-page-url":"\/\/websitedemos.net\/fashion-designer-boutique-08\/new-arrivals\/","astra-sites-tag":{"2326":"new-arrival"},"site-pages-type":"free","site-pages-page-builder":"gutenberg","site-pages-category":[],"site-pages-parent-category":{"64":"ecommerce","61":"free"},"required-plugins":[{"slug":"checkout-plugins-stripe-woo","init":"checkout-plugins-stripe-woo\/checkout-plugins-stripe-woo.php","name":"Checkout Plugins - Stripe for WooCommerce"},{"slug":"ultimate-addons-for-gutenberg","init":"ultimate-addons-for-gutenberg\/ultimate-addons-for-gutenberg.php","name":"Spectra"},{"slug":"variation-swatches-woo","init":"variation-swatches-woo\/variation-swatches-woo.php","name":"Variation Swatches for WooCommerce"},{"slug":"woocommerce","init":"woocommerce\/woocommerce.php","name":"WooCommerce"}]},"id-58565":{"title":"Home","featured-image-url":"https:\/\/websitedemos.net\/wp-content\/uploads\/2021\/10\/fashion-designer-boutique-08.jpg","thumbnail-image-url":"https:\/\/websitedemos.net\/wp-content\/uploads\/2021\/10\/fashion-designer-boutique-08-600x2900.jpg","astra-page-api-url":"https:\/\/websitedemos.net\/fashion-designer-boutique-08\/wp-json\/wp\/v2\/pages\/1007","dynamic-page":"yes","astra-page-url":"\/\/websitedemos.net\/fashion-designer-boutique-08\/","astra-sites-tag":{"423":"home"},"site-pages-type":"free","site-pages-page-builder":"gutenberg","site-pages-category":[],"site-pages-parent-category":{"64":"ecommerce","61":"free"},"required-plugins":[{"slug":"checkout-plugins-stripe-woo","init":"checkout-plugins-stripe-woo\/checkout-plugins-stripe-woo.php","name":"Checkout Plugins - Stripe for WooCommerce"},{"slug":"ultimate-addons-for-gutenberg","init":"ultimate-addons-for-gutenberg\/ultimate-addons-for-gutenberg.php","name":"Spectra"},{"slug":"variation-swatches-woo","init":"variation-swatches-woo\/variation-swatches-woo.php","name":"Variation Swatches for WooCommerce"},{"slug":"woocommerce","init":"woocommerce\/woocommerce.php","name":"WooCommerce"}]}},"related-bb-template":"","related-elementor-template":"","related-gutenberg-template":"","related_ecommerce_template":"","ecommerce_parent_template":""}}